product_id,category,brand,model,variant_type,color,variant,price_inr,rating,review_count,stock_status,best_for,key_specs,warranty_months,data_note
PH0001,Phone,Apple,iPhone 16,Base,Black,128GB / 8GB,69900,4.6,250,In Stock,Camera; iOS; long-term use,A18; OLED; 48MP camera; 5G,12,"Demo catalog entry; price/stock are indicative, not live marketplace data."
PH0002,Phone,Apple,iPhone 16,Base,Blue,256GB / 8GB,69900,4.6,387,In Stock,Camera; iOS; long-term use,A18; OLED; 48MP camera; 5G,12,"Demo catalog entry; price/stock are indicative, not live marketplace data."
PH0003,Phone,Apple,iPhone 16,Base,Silver,256GB / 12GB,69900,4.6,524,Limited Stock,Camera; iOS; long-term use,A18; OLED; 48MP camera; 5G,12,"Demo catalog entry; price/stock are indicative, not live marketplace data."
PH0004,Phone,Apple,iPhone 16,Prime,Black,256GB / 12GB,75500,4.6,661,In Stock,Camera; iOS; long-term use,A18; OLED; 48MP camera; 5G,12,"Demo catalog entry; price/stock are indicative, not live marketplace data."
PH0005,Phone,Apple,iPhone 16,Prime,Green,512GB / 12GB,75500,4.6,798,Demo SKU,Camera; iOS; long-term use,A18; OLED; 48MP camera; 5G,12,"Demo catalog entry; price/stock are indicative, not live marketplace data."
PH0006,Phone,Apple,iPhone 16 Plus,Base,Black,128GB / 8GB,79900,4.6,935,In Stock,Large-screen iOS; battery; camera,A18; 6.7-inch OLED; 48MP camera; 5G,12,"Demo catalog entry; price/stock are indicative, not live marketplace data."
PH0007,Phone,Apple,iPhone 16 Plus,Base,Blue,256GB / 8GB,79900,4.6,1072,In Stock,Large-screen iOS; battery; camera,A18; 6.7-inch OLED; 48MP camera; 5G,12,"Demo catalog entry; price/stock are indicative, not live marketplace data."
PH0008,Phone,Apple,iPhone 16 Plus,Base,Silver,256GB / 12GB,79900,4.6,1209,Limited Stock,Large-screen iOS; battery; camera,A18; 6.7-inch OLED; 48MP camera; 5G,12,"Demo catalog entry; price/stock are indicative, not live marketplace data."
PH0009,Phone,Apple,iPhone 16 Plus,Prime,Black,256GB / 12GB,86300,4.6,1346,In Stock,Large-screen iOS; battery; camera,A18; 6.7-inch OLED; 48MP camera; 5G,12,"Demo catalog entry; price/stock are indicative, not live marketplace data."
PH0010,Phone,Apple,iPhone 16 Plus,Prime,Green,512GB / 12GB,86300,4.6,1483,Demo SKU,Large-screen iOS; battery; camera,A18; 6.7-inch OLED; 48MP camera; 5G,12,"Demo catalog entry; price/stock are indicative, not live marketplace data."
PH0011,Phone,Apple,iPhone 16 Pro,Base,Black,128GB / 8GB,109900,4.7,1620,In Stock,Photography; video; premium use,A18 Pro; ProMotion OLED; 48MP camera system; 5G,12,"Demo catalog entry; price/stock are indicative, not live marketplace data."
PH0012,Phone,Apple,iPhone 16 Pro,Base,Blue,256GB / 8GB,109900,4.7,1757,In Stock,Photography; video; premium use,A18 Pro; ProMotion OLED; 48MP camera system; 5G,12,"Demo catalog entry; price/stock are indicative, not live marketplace data."
PH0013,Phone,Apple,iPhone 16 Pro,Base,Silver,256GB / 12GB,109900,4.7,1894,Limited Stock,Photography; video; premium use,A18 Pro; ProMotion OLED; 48MP camera system; 5G,12,"Demo catalog entry; price/stock are indicative, not live marketplace data."
PH0014,Phone,Apple,iPhone 16 Pro,Prime,Black,256GB / 12GB,118700,4.7,2031,In Stock,Photography; video; premium use,A18 Pro; ProMotion OLED; 48MP camera system; 5G,12,"Demo catalog entry; price/stock are indicative, not live marketplace data."
PH0015,Phone,Apple,iPhone 16 Pro,Prime,Green,512GB / 12GB,118700,4.7,2168,Demo SKU,Photography; video; premium use,A18 Pro; ProMotion OLED; 48MP camera system; 5G,12,"Demo catalog entry; price/stock are indicative, not live marketplace data."
PH0016,Phone,Apple,iPhone 16 Pro Max,Base,Black,128GB / 8GB,119900,4.7,2305,In Stock,Photography; video; battery; premium use,A18 Pro; 6.9-inch ProMotion OLED; 48MP camera system,12,"Demo catalog entry; price/stock are indicative, not live marketplace data."
PH0017,Phone,Apple,iPhone 16 Pro Max,Base,Blue,256GB / 8GB,119900,4.7,2442,In Stock,Photography; video; battery; premium use,A18 Pro; 6.9-inch ProMotion OLED; 48MP camera system,12,"Demo catalog entry; price/stock are indicative, not live marketplace data."
PH0018,Phone,Apple,iPhone 16 Pro Max,Base,Silver,256GB / 12GB,119900,4.7,2579,Limited Stock,Photography; video; battery; premium use,A18 Pro; 6.9-inch ProMotion OLED; 48MP camera system,12,"Demo catalog entry; price/stock are indicative, not live marketplace data."
PH0019,Phone,Apple,iPhone 16 Pro Max,Prime,Black,256GB / 12GB,129500,4.7,2716,In Stock,Photography; video; battery; premium use,A18 Pro; 6.9-inch ProMotion OLED; 48MP camera system,12,"Demo catalog entry; price/stock are indicative, not live marketplace data."
PH0020,Phone,Apple,iPhone 16 Pro Max,Prime,Green,512GB / 12GB,129500,4.7,2853,Demo SKU,Photography; video; battery; premium use,A18 Pro; 6.9-inch ProMotion OLED; 48MP camera system,12,"Demo catalog entry; price/stock are indicative, not live marketplace data."
PH0021,Phone,Apple,iPhone 16e,Base,Black,128GB / 8GB,69900,4.5,2990,In Stock,iOS; camera; long-term use,A18; OLED; 48MP Fusion camera; 5G,12,"Demo catalog entry; price/stock are indicative, not live marketplace data."
PH0022,Phone,Apple,iPhone 16e,Base,Blue,256GB / 8GB,69900,4.5,3127,In Stock,iOS; camera; long-term use,A18; OLED; 48MP Fusion camera; 5G,12,"Demo catalog entry; price/stock are indicative, not live marketplace data."
PH0023,Phone,Apple,iPhone 16e,Base,Silver,256GB / 12GB,69900,4.5,3264,Limited Stock,iOS; camera; long-term use,A18; OLED; 48MP Fusion camera; 5G,12,"Demo catalog entry; price/stock are indicative, not live marketplace data."
PH0024,Phone,Apple,iPhone 16e,Prime,Black,256GB / 12GB,75500,4.5,3401,In Stock,iOS; camera; long-term use,A18; OLED; 48MP Fusion camera; 5G,12,"Demo catalog entry; price/stock are indicative, not live marketplace data."
PH0025,Phone,Apple,iPhone 16e,Prime,Green,512GB / 12GB,75500,4.5,3538,Demo SKU,iOS; camera; long-term use,A18; OLED; 48MP Fusion camera; 5G,12,"Demo catalog entry; price/stock are indicative, not live marketplace data."
PH0026,Phone,Apple,iPhone 15,Base,Black,128GB / 8GB,59900,4.5,3675,In Stock,iOS; camera; everyday use,A16 Bionic; OLED; 48MP main camera; 5G,12,"Demo catalog entry; price/stock are indicative, not live marketplace data."
PH0027,Phone,Apple,iPhone 15,Base,Blue,256GB / 8GB,59900,4.5,3812,In Stock,iOS; camera; everyday use,A16 Bionic; OLED; 48MP main camera; 5G,12,"Demo catalog entry; price/stock are indicative, not live marketplace data."
PH0028,Phone,Apple,iPhone 15,Base,Silver,256GB / 12GB,59900,4.5,3949,Limited Stock,iOS; camera; everyday use,A16 Bionic; OLED; 48MP main camera; 5G,12,"Demo catalog entry; price/stock are indicative, not live marketplace data."
PH0029,Phone,Apple,iPhone 15,Prime,Black,256GB / 12GB,64700,4.5,4086,In Stock,iOS; camera; everyday use,A16 Bionic; OLED; 48MP main camera; 5G,12,"Demo catalog entry; price/stock are indicative, not live marketplace data."
PH0030,Phone,Apple,iPhone 15,Prime,Green,512GB / 12GB,64700,4.5,4223,Demo SKU,iOS; camera; everyday use,A16 Bionic; OLED; 48MP main camera; 5G,12,"Demo catalog entry; price/stock are indicative, not live marketplace data."
PH0031,Phone,Samsung,Galaxy S25,Base,Black,128GB / 8GB,75000,4.6,4360,In Stock,Premium Android; camera; compact flagship,Snapdragon 8 Elite for Galaxy; AMOLED; 5G,12,"Demo catalog entry; price/stock are indicative, not live marketplace data."
PH0032,Phone,Samsung,Galaxy S25,Base,Blue,256GB / 8GB,75000,4.6,4497,In Stock,Premium Android; camera; compact flagship,Snapdragon 8 Elite for Galaxy; AMOLED; 5G,12,"Demo catalog entry; price/stock are indicative, not live marketplace data."
PH0033,Phone,Samsung,Galaxy S25,Base,Silver,256GB / 12GB,75000,4.6,4634,Limited Stock,Premium Android; camera; compact flagship,Snapdragon 8 Elite for Galaxy; AMOLED; 5G,12,"Demo catalog entry; price/stock are indicative, not live marketplace data."
PH0034,Phone,Samsung,Galaxy S25,Prime,Black,256GB / 12GB,81000,4.6,4771,In Stock,Premium Android; camera; compact flagship,Snapdragon 8 Elite for Galaxy; AMOLED; 5G,12,"Demo catalog entry; price/stock are indicative, not live marketplace data."
PH0035,Phone,Samsung,Galaxy S25,Prime,Green,512GB / 12GB,81000,4.6,4908,Demo SKU,Premium Android; camera; compact flagship,Snapdragon 8 Elite for Galaxy; AMOLED; 5G,12,"Demo catalog entry; price/stock are indicative, not live marketplace data."
PH0036,Phone,Samsung,Galaxy S25 Ultra,Base,Black,128GB / 8GB,130000,4.7,5045,In Stock,Camera; productivity; premium Android,Snapdragon 8 Elite for Galaxy; QHD+ AMOLED; S Pen,12,"Demo catalog entry; price/stock are indicative, not live marketplace data."
PH0037,Phone,Samsung,Galaxy S25 Ultra,Base,Blue,256GB / 8GB,130000,4.7,5182,In Stock,Camera; productivity; premium Android,Snapdragon 8 Elite for Galaxy; QHD+ AMOLED; S Pen,12,"Demo catalog entry; price/stock are indicative, not live marketplace data."
PH0038,Phone,Samsung,Galaxy S25 Ultra,Base,Silver,256GB / 12GB,130000,4.7,5319,Limited Stock,Camera; productivity; premium Android,Snapdragon 8 Elite for Galaxy; QHD+ AMOLED; S Pen,12,"Demo catalog entry; price/stock are indicative, not live marketplace data."
PH0039,Phone,Samsung,Galaxy S25 Ultra,Prime,Black,256GB / 12GB,140400,4.7,5456,In Stock,Camera; productivity; premium Android,Snapdragon 8 Elite for Galaxy; QHD+ AMOLED; S Pen,12,"Demo catalog entry; price/stock are indicative, not live marketplace data."
PH0040,Phone,Samsung,Galaxy S25 Ultra,Prime,Green,512GB / 12GB,140400,4.7,5593,Demo SKU,Camera; productivity; premium Android,Snapdragon 8 Elite for Galaxy; QHD+ AMOLED; S Pen,12,"Demo catalog entry; price/stock are indicative, not live marketplace data."
PH0041,Phone,Samsung,Galaxy A56 5G,Base,Black,128GB / 8GB,42000,4.5,5730,In Stock,Balanced everyday phone; display,AMOLED; 5G; multi-camera system,12,"Demo catalog entry; price/stock are indicative, not live marketplace data."
PH0042,Phone,Samsung,Galaxy A56 5G,Base,Blue,256GB / 8GB,42000,4.5,5867,In Stock,Balanced everyday phone; display,AMOLED; 5G; multi-camera system,12,"Demo catalog entry; price/stock are indicative, not live marketplace data."
PH0043,Phone,Samsung,Galaxy A56 5G,Base,Silver,256GB / 12GB,42000,4.5,6004,Limited Stock,Balanced everyday phone; display,AMOLED; 5G; multi-camera system,12,"Demo catalog entry; price/stock are indicative, not live marketplace data."
PH0044,Phone,Samsung,Galaxy A56 5G,Prime,Black,256GB / 12GB,45400,4.5,6141,In Stock,Balanced everyday phone; display,AMOLED; 5G; multi-camera system,12,"Demo catalog entry; price/stock are indicative, not live marketplace data."
PH0045,Phone,Samsung,Galaxy A56 5G,Prime,Green,512GB / 12GB,45400,4.5,6278,Demo SKU,Balanced everyday phone; display,AMOLED; 5G; multi-camera system,12,"Demo catalog entry; price/stock are indicative, not live marketplace data."
PH0046,Phone,Samsung,Galaxy A36 5G,Base,Black,128GB / 8GB,34000,4.4,6415,In Stock,Everyday use; battery; display,AMOLED; 5G; long-support software,12,"Demo catalog entry; price/stock are indicative, not live marketplace data."
PH0047,Phone,Samsung,Galaxy A36 5G,Base,Blue,256GB / 8GB,34000,4.4,6552,In Stock,Everyday use; battery; display,AMOLED; 5G; long-support software,12,"Demo catalog entry; price/stock are indicative, not live marketplace data."
PH0048,Phone,Samsung,Galaxy A36 5G,Base,Silver,256GB / 12GB,34000,4.4,6689,Limited Stock,Everyday use; battery; display,AMOLED; 5G; long-support software,12,"Demo catalog entry; price/stock are indicative, not live marketplace data."
PH0049,Phone,Samsung,Galaxy A36 5G,Prime,Black,256GB / 12GB,36700,4.4,6826,In Stock,Everyday use; battery; display,AMOLED; 5G; long-support software,12,"Demo catalog entry; price/stock are indicative, not live marketplace data."
PH0050,Phone,Samsung,Galaxy A36 5G,Prime,Green,512GB / 12GB,36700,4.4,6963,Demo SKU,Everyday use; battery; display,AMOLED; 5G; long-support software,12,"Demo catalog entry; price/stock are indicative, not live marketplace data."
PH0051,Phone,OnePlus,13,Base,Black,128GB / 8GB,70000,4.6,7100,In Stock,Performance; camera; gaming,Snapdragon 8 Elite; AMOLED; 5G,12,"Demo catalog entry; price/stock are indicative, not live marketplace data."
PH0052,Phone,OnePlus,13,Base,Blue,256GB / 8GB,70000,4.6,7237,In Stock,Performance; camera; gaming,Snapdragon 8 Elite; AMOLED; 5G,12,"Demo catalog entry; price/stock are indicative, not live marketplace data."
PH0053,Phone,OnePlus,13,Base,Silver,256GB / 12GB,70000,4.6,7374,Limited Stock,Performance; camera; gaming,Snapdragon 8 Elite; AMOLED; 5G,12,"Demo catalog entry; price/stock are indicative, not live marketplace data."
PH0054,Phone,OnePlus,13,Prime,Black,256GB / 12GB,75600,4.6,7511,In Stock,Performance; camera; gaming,Snapdragon 8 Elite; AMOLED; 5G,12,"Demo catalog entry; price/stock are indicative, not live marketplace data."
PH0055,Phone,OnePlus,13,Prime,Green,512GB / 12GB,75600,4.6,7648,Demo SKU,Performance; camera; gaming,Snapdragon 8 Elite; AMOLED; 5G,12,"Demo catalog entry; price/stock are indicative, not live marketplace data."
PH0056,Phone,OnePlus,13R,Base,Black,128GB / 8GB,33000,4.5,7785,In Stock,Performance; gaming; battery,Snapdragon 8 Gen 3; AMOLED; 5G,12,"Demo catalog entry; price/stock are indicative, not live marketplace data."
PH0057,Phone,OnePlus,13R,Base,Blue,256GB / 8GB,33000,4.5,7922,In Stock,Performance; gaming; battery,Snapdragon 8 Gen 3; AMOLED; 5G,12,"Demo catalog entry; price/stock are indicative, not live marketplace data."
PH0058,Phone,OnePlus,13R,Base,Silver,256GB / 12GB,33000,4.5,8059,Limited Stock,Performance; gaming; battery,Snapdragon 8 Gen 3; AMOLED; 5G,12,"Demo catalog entry; price/stock are indicative, not live marketplace data."
PH0059,Phone,OnePlus,13R,Prime,Black,256GB / 12GB,35600,4.5,8196,In Stock,Performance; gaming; battery,Snapdragon 8 Gen 3; AMOLED; 5G,12,"Demo catalog entry; price/stock are indicative, not live marketplace data."
PH0060,Phone,OnePlus,13R,Prime,Green,512GB / 12GB,35600,4.5,8333,Demo SKU,Performance; gaming; battery,Snapdragon 8 Gen 3; AMOLED; 5G,12,"Demo catalog entry; price/stock are indicative, not live marketplace data."
PH0061,Phone,OnePlus,Nord 4,Base,Black,128GB / 8GB,30000,4.4,8470,In Stock,Value; battery; performance,Snapdragon 7+ Gen 3; AMOLED; 5G,12,"Demo catalog entry; price/stock are indicative, not live marketplace data."
PH0062,Phone,OnePlus,Nord 4,Base,Blue,256GB / 8GB,30000,4.4,8607,In Stock,Value; battery; performance,Snapdragon 7+ Gen 3; AMOLED; 5G,12,"Demo catalog entry; price/stock are indicative, not live marketplace data."
PH0063,Phone,OnePlus,Nord 4,Base,Silver,256GB / 12GB,30000,4.4,8744,Limited Stock,Value; battery; performance,Snapdragon 7+ Gen 3; AMOLED; 5G,12,"Demo catalog entry; price/stock are indicative, not live marketplace data."
PH0064,Phone,OnePlus,Nord 4,Prime,Black,256GB / 12GB,32400,4.4,8881,In Stock,Value; battery; performance,Snapdragon 7+ Gen 3; AMOLED; 5G,12,"Demo catalog entry; price/stock are indicative, not live marketplace data."
PH0065,Phone,OnePlus,Nord 4,Prime,Green,512GB / 12GB,32400,4.4,9018,Demo SKU,Value; battery; performance,Snapdragon 7+ Gen 3; AMOLED; 5G,12,"Demo catalog entry; price/stock are indicative, not live marketplace data."
PH0066,Phone,OnePlus,Nord CE4,Base,Black,128GB / 8GB,25000,4.3,9155,In Stock,Value; battery; everyday use,Snapdragon 7 Gen 3; AMOLED; 5G,12,"Demo catalog entry; price/stock are indicative, not live marketplace data."
PH0067,Phone,OnePlus,Nord CE4,Base,Blue,256GB / 8GB,25000,4.3,9292,In Stock,Value; battery; everyday use,Snapdragon 7 Gen 3; AMOLED; 5G,12,"Demo catalog entry; price/stock are indicative, not live marketplace data."
PH0068,Phone,OnePlus,Nord CE4,Base,Silver,256GB / 12GB,25000,4.3,9429,Limited Stock,Value; battery; everyday use,Snapdragon 7 Gen 3; AMOLED; 5G,12,"Demo catalog entry; price/stock are indicative, not live marketplace data."
PH0069,Phone,OnePlus,Nord CE4,Prime,Black,256GB / 12GB,27000,4.3,9566,In Stock,Value; battery; everyday use,Snapdragon 7 Gen 3; AMOLED; 5G,12,"Demo catalog entry; price/stock are indicative, not live marketplace data."
PH0070,Phone,OnePlus,Nord CE4,Prime,Green,512GB / 12GB,27000,4.3,9703,Demo SKU,Value; battery; everyday use,Snapdragon 7 Gen 3; AMOLED; 5G,12,"Demo catalog entry; price/stock are indicative, not live marketplace data."
PH0071,Phone,Google,Pixel 9,Base,Black,128GB / 8GB,80000,4.5,9840,In Stock,Camera; clean Android; AI features,Tensor G4; OLED; advanced camera system,12,"Demo catalog entry; price/stock are indicative, not live marketplace data."
PH0072,Phone,Google,Pixel 9,Base,Blue,256GB / 8GB,80000,4.5,9977,In Stock,Camera; clean Android; AI features,Tensor G4; OLED; advanced camera system,12,"Demo catalog entry; price/stock are indicative, not live marketplace data."
PH0073,Phone,Google,Pixel 9,Base,Silver,256GB / 12GB,80000,4.5,10114,Limited Stock,Camera; clean Android; AI features,Tensor G4; OLED; advanced camera system,12,"Demo catalog entry; price/stock are indicative, not live marketplace data."
PH0074,Phone,Google,Pixel 9,Prime,Black,256GB / 12GB,86400,4.5,10251,In Stock,Camera; clean Android; AI features,Tensor G4; OLED; advanced camera system,12,"Demo catalog entry; price/stock are indicative, not live marketplace data."
PH0075,Phone,Google,Pixel 9,Prime,Green,512GB / 12GB,86400,4.5,10388,Demo SKU,Camera; clean Android; AI features,Tensor G4; OLED; advanced camera system,12,"Demo catalog entry; price/stock are indicative, not live marketplace data."
PH0076,Phone,Google,Pixel 9 Pro,Base,Black,128GB / 8GB,110000,4.6,10525,In Stock,Photography; AI; premium Android,Tensor G4; LTPO OLED; pro camera system,12,"Demo catalog entry; price/stock are indicative, not live marketplace data."
PH0077,Phone,Google,Pixel 9 Pro,Base,Blue,256GB / 8GB,110000,4.6,10662,In Stock,Photography; AI; premium Android,Tensor G4; LTPO OLED; pro camera system,12,"Demo catalog entry; price/stock are indicative, not live marketplace data."
PH0078,Phone,Google,Pixel 9 Pro,Base,Silver,256GB / 12GB,110000,4.6,10799,Limited Stock,Photography; AI; premium Android,Tensor G4; LTPO OLED; pro camera system,12,"Demo catalog entry; price/stock are indicative, not live marketplace data."
PH0079,Phone,Google,Pixel 9 Pro,Prime,Black,256GB / 12GB,118800,4.6,10936,In Stock,Photography; AI; premium Android,Tensor G4; LTPO OLED; pro camera system,12,"Demo catalog entry; price/stock are indicative, not live marketplace data."
PH0080,Phone,Google,Pixel 9 Pro,Prime,Green,512GB / 12GB,118800,4.6,11073,Demo SKU,Photography; AI; premium Android,Tensor G4; LTPO OLED; pro camera system,12,"Demo catalog entry; price/stock are indicative, not live marketplace data."
PH0081,Phone,Google,Pixel 9a,Base,Black,128GB / 8GB,50000,4.5,11210,In Stock,Camera; clean Android; AI features,Tensor G4; OLED; 5G,12,"Demo catalog entry; price/stock are indicative, not live marketplace data."
PH0082,Phone,Google,Pixel 9a,Base,Blue,256GB / 8GB,50000,4.5,11347,In Stock,Camera; clean Android; AI features,Tensor G4; OLED; 5G,12,"Demo catalog entry; price/stock are indicative, not live marketplace data."
PH0083,Phone,Google,Pixel 9a,Base,Silver,256GB / 12GB,50000,4.5,11484,Limited Stock,Camera; clean Android; AI features,Tensor G4; OLED; 5G,12,"Demo catalog entry; price/stock are indicative, not live marketplace data."
PH0084,Phone,Google,Pixel 9a,Prime,Black,256GB / 12GB,54000,4.5,11621,In Stock,Camera; clean Android; AI features,Tensor G4; OLED; 5G,12,"Demo catalog entry; price/stock are indicative, not live marketplace data."
PH0085,Phone,Google,Pixel 9a,Prime,Green,512GB / 12GB,54000,4.5,11758,Demo SKU,Camera; clean Android; AI features,Tensor G4; OLED; 5G,12,"Demo catalog entry; price/stock are indicative, not live marketplace data."
PH0086,Phone,Nothing,Phone (3),Base,Black,128GB / 8GB,60000,4.3,11895,In Stock,Design; clean software; enthusiast use,Flagship-class processor; AMOLED; 5G,12,"Demo catalog entry; price/stock are indicative, not live marketplace data."
PH0087,Phone,Nothing,Phone (3),Base,Blue,256GB / 8GB,60000,4.3,12032,In Stock,Design; clean software; enthusiast use,Flagship-class processor; AMOLED; 5G,12,"Demo catalog entry; price/stock are indicative, not live marketplace data."
PH0088,Phone,Nothing,Phone (3),Base,Silver,256GB / 12GB,60000,4.3,12169,Limited Stock,Design; clean software; enthusiast use,Flagship-class processor; AMOLED; 5G,12,"Demo catalog entry; price/stock are indicative, not live marketplace data."
PH0089,Phone,Nothing,Phone (3),Prime,Black,256GB / 12GB,64800,4.3,12306,In Stock,Design; clean software; enthusiast use,Flagship-class processor; AMOLED; 5G,12,"Demo catalog entry; price/stock are indicative, not live marketplace data."
PH0090,Phone,Nothing,Phone (3),Prime,Green,512GB / 12GB,64800,4.3,12443,Demo SKU,Design; clean software; enthusiast use,Flagship-class processor; AMOLED; 5G,12,"Demo catalog entry; price/stock are indicative, not live marketplace data."
PH0091,Phone,Nothing,Phone (3a),Base,Black,128GB / 8GB,25000,4.3,12580,In Stock,Design; value; everyday use,AMOLED; 5G; dual-camera setup,12,"Demo catalog entry; price/stock are indicative, not live marketplace data."
PH0092,Phone,Nothing,Phone (3a),Base,Blue,256GB / 8GB,25000,4.3,12717,In Stock,Design; value; everyday use,AMOLED; 5G; dual-camera setup,12,"Demo catalog entry; price/stock are indicative, not live marketplace data."
PH0093,Phone,Nothing,Phone (3a),Base,Silver,256GB / 12GB,25000,4.3,12854,Limited Stock,Design; value; everyday use,AMOLED; 5G; dual-camera setup,12,"Demo catalog entry; price/stock are indicative, not live marketplace data."
PH0094,Phone,Nothing,Phone (3a),Prime,Black,256GB / 12GB,27000,4.3,12991,In Stock,Design; value; everyday use,AMOLED; 5G; dual-camera setup,12,"Demo catalog entry; price/stock are indicative, not live marketplace data."
PH0095,Phone,Nothing,Phone (3a),Prime,Green,512GB / 12GB,27000,4.3,13128,Demo SKU,Design; value; everyday use,AMOLED; 5G; dual-camera setup,12,"Demo catalog entry; price/stock are indicative, not live marketplace data."
PH0096,Phone,Nothing,Phone (2a),Base,Black,128GB / 8GB,24000,4.2,13265,In Stock,Value; design; everyday use,AMOLED; Dimensity chipset; 5G,12,"Demo catalog entry; price/stock are indicative, not live marketplace data."
PH0097,Phone,Nothing,Phone (2a),Base,Blue,256GB / 8GB,24000,4.2,13402,In Stock,Value; design; everyday use,AMOLED; Dimensity chipset; 5G,12,"Demo catalog entry; price/stock are indicative, not live marketplace data."
PH0098,Phone,Nothing,Phone (2a),Base,Silver,256GB / 12GB,24000,4.2,13539,Limited Stock,Value; design; everyday use,AMOLED; Dimensity chipset; 5G,12,"Demo catalog entry; price/stock are indicative, not live marketplace data."
PH0099,Phone,Nothing,Phone (2a),Prime,Black,256GB / 12GB,25900,4.2,13676,In Stock,Value; design; everyday use,AMOLED; Dimensity chipset; 5G,12,"Demo catalog entry; price/stock are indicative, not live marketplace data."
PH0100,Phone,Nothing,Phone (2a),Prime,Green,512GB / 12GB,25900,4.2,13813,Demo SKU,Value; design; everyday use,AMOLED; Dimensity chipset; 5G,12,"Demo catalog entry; price/stock are indicative, not live marketplace data."
PH0101,Phone,iQOO,15,Base,Black,128GB / 8GB,70000,4.5,13950,In Stock,Gaming; high performance,Flagship Snapdragon; AMOLED; 5G,12,"Demo catalog entry; price/stock are indicative, not live marketplace data."
PH0102,Phone,iQOO,15,Base,Blue,256GB / 8GB,70000,4.5,14087,In Stock,Gaming; high performance,Flagship Snapdragon; AMOLED; 5G,12,"Demo catalog entry; price/stock are indicative, not live marketplace data."
PH0103,Phone,iQOO,15,Base,Silver,256GB / 12GB,70000,4.5,14224,Limited Stock,Gaming; high performance,Flagship Snapdragon; AMOLED; 5G,12,"Demo catalog entry; price/stock are indicative, not live marketplace data."
PH0104,Phone,iQOO,15,Prime,Black,256GB / 12GB,75600,4.5,14361,In Stock,Gaming; high performance,Flagship Snapdragon; AMOLED; 5G,12,"Demo catalog entry; price/stock are indicative, not live marketplace data."
PH0105,Phone,iQOO,15,Prime,Green,512GB / 12GB,75600,4.5,14498,Demo SKU,Gaming; high performance,Flagship Snapdragon; AMOLED; 5G,12,"Demo catalog entry; price/stock are indicative, not live marketplace data."
PH0106,Phone,iQOO,13,Base,Black,128GB / 8GB,55000,4.5,14635,In Stock,Gaming; performance; value,Snapdragon 8 Elite; AMOLED; 5G,12,"Demo catalog entry; price/stock are indicative, not live marketplace data."
PH0107,Phone,iQOO,13,Base,Blue,256GB / 8GB,55000,4.5,14772,In Stock,Gaming; performance; value,Snapdragon 8 Elite; AMOLED; 5G,12,"Demo catalog entry; price/stock are indicative, not live marketplace data."
PH0108,Phone,iQOO,13,Base,Silver,256GB / 12GB,55000,4.5,14909,Limited Stock,Gaming; performance; value,Snapdragon 8 Elite; AMOLED; 5G,12,"Demo catalog entry; price/stock are indicative, not live marketplace data."
PH0109,Phone,iQOO,13,Prime,Black,256GB / 12GB,59400,4.5,15046,In Stock,Gaming; performance; value,Snapdragon 8 Elite; AMOLED; 5G,12,"Demo catalog entry; price/stock are indicative, not live marketplace data."
PH0110,Phone,iQOO,13,Prime,Green,512GB / 12GB,59400,4.5,15183,Demo SKU,Gaming; performance; value,Snapdragon 8 Elite; AMOLED; 5G,12,"Demo catalog entry; price/stock are indicative, not live marketplace data."
PH0111,Phone,iQOO,Neo 10,Base,Black,128GB / 8GB,37000,4.5,15320,In Stock,Gaming; performance; battery,Snapdragon 8s Gen 4; AMOLED; 5G,12,"Demo catalog entry; price/stock are indicative, not live marketplace data."
PH0112,Phone,iQOO,Neo 10,Base,Blue,256GB / 8GB,37000,4.5,15457,In Stock,Gaming; performance; battery,Snapdragon 8s Gen 4; AMOLED; 5G,12,"Demo catalog entry; price/stock are indicative, not live marketplace data."
PH0113,Phone,iQOO,Neo 10,Base,Silver,256GB / 12GB,37000,4.5,15594,Limited Stock,Gaming; performance; battery,Snapdragon 8s Gen 4; AMOLED; 5G,12,"Demo catalog entry; price/stock are indicative, not live marketplace data."
PH0114,Phone,iQOO,Neo 10,Prime,Black,256GB / 12GB,40000,4.5,15731,In Stock,Gaming; performance; battery,Snapdragon 8s Gen 4; AMOLED; 5G,12,"Demo catalog entry; price/stock are indicative, not live marketplace data."
PH0115,Phone,iQOO,Neo 10,Prime,Green,512GB / 12GB,40000,4.5,15868,Demo SKU,Gaming; performance; battery,Snapdragon 8s Gen 4; AMOLED; 5G,12,"Demo catalog entry; price/stock are indicative, not live marketplace data."
PH0116,Phone,Redmi,Note 14 Pro+ 5G,Base,Black,128GB / 8GB,33000,4.4,16005,In Stock,Camera; display; value,AMOLED; 200MP main camera; 5G,12,"Demo catalog entry; price/stock are indicative, not live marketplace data."
PH0117,Phone,Redmi,Note 14 Pro+ 5G,Base,Blue,256GB / 8GB,33000,4.4,16142,In Stock,Camera; display; value,AMOLED; 200MP main camera; 5G,12,"Demo catalog entry; price/stock are indicative, not live marketplace data."
PH0118,Phone,Redmi,Note 14 Pro+ 5G,Base,Silver,256GB / 12GB,33000,4.4,16279,Limited Stock,Camera; display; value,AMOLED; 200MP main camera; 5G,12,"Demo catalog entry; price/stock are indicative, not live marketplace data."
PH0119,Phone,Redmi,Note 14 Pro+ 5G,Prime,Black,256GB / 12GB,35600,4.4,16416,In Stock,Camera; display; value,AMOLED; 200MP main camera; 5G,12,"Demo catalog entry; price/stock are indicative, not live marketplace data."
PH0120,Phone,Redmi,Note 14 Pro+ 5G,Prime,Green,512GB / 12GB,35600,4.4,16553,Demo SKU,Camera; display; value,AMOLED; 200MP main camera; 5G,12,"Demo catalog entry; price/stock are indicative, not live marketplace data."
PH0121,Phone,Redmi,Note 14 Pro 5G,Base,Black,128GB / 8GB,26000,4.3,16690,In Stock,Camera; display; value,AMOLED; 5G; high-resolution main camera,12,"Demo catalog entry; price/stock are indicative, not live marketplace data."
PH0122,Phone,Redmi,Note 14 Pro 5G,Base,Blue,256GB / 8GB,26000,4.3,16827,In Stock,Camera; display; value,AMOLED; 5G; high-resolution main camera,12,"Demo catalog entry; price/stock are indicative, not live marketplace data."
PH0123,Phone,Redmi,Note 14 Pro 5G,Base,Silver,256GB / 12GB,26000,4.3,16964,Limited Stock,Camera; display; value,AMOLED; 5G; high-resolution main camera,12,"Demo catalog entry; price/stock are indicative, not live marketplace data."
PH0124,Phone,Redmi,Note 14 Pro 5G,Prime,Black,256GB / 12GB,28100,4.3,17101,In Stock,Camera; display; value,AMOLED; 5G; high-resolution main camera,12,"Demo catalog entry; price/stock are indicative, not live marketplace data."
PH0125,Phone,Redmi,Note 14 Pro 5G,Prime,Green,512GB / 12GB,28100,4.3,17238,Demo SKU,Camera; display; value,AMOLED; 5G; high-resolution main camera,12,"Demo catalog entry; price/stock are indicative, not live marketplace data."
PH0126,Phone,POCO,X7 Pro 5G,Base,Black,128GB / 8GB,28000,4.4,17375,In Stock,Gaming; performance; value,Dimensity 8400 Ultra; AMOLED; 5G,12,"Demo catalog entry; price/stock are indicative, not live marketplace data."
PH0127,Phone,POCO,X7 Pro 5G,Base,Blue,256GB / 8GB,28000,4.4,17512,In Stock,Gaming; performance; value,Dimensity 8400 Ultra; AMOLED; 5G,12,"Demo catalog entry; price/stock are indicative, not live marketplace data."
PH0128,Phone,POCO,X7 Pro 5G,Base,Silver,256GB / 12GB,28000,4.4,17649,Limited Stock,Gaming; performance; value,Dimensity 8400 Ultra; AMOLED; 5G,12,"Demo catalog entry; price/stock are indicative, not live marketplace data."
PH0129,Phone,POCO,X7 Pro 5G,Prime,Black,256GB / 12GB,30200,4.4,17786,In Stock,Gaming; performance; value,Dimensity 8400 Ultra; AMOLED; 5G,12,"Demo catalog entry; price/stock are indicative, not live marketplace data."
PH0130,Phone,POCO,X7 Pro 5G,Prime,Green,512GB / 12GB,30200,4.4,17923,Demo SKU,Gaming; performance; value,Dimensity 8400 Ultra; AMOLED; 5G,12,"Demo catalog entry; price/stock are indicative, not live marketplace data."
PH0131,Phone,POCO,F6,Base,Black,128GB / 8GB,30000,4.4,18060,In Stock,Performance; gaming; value,Snapdragon 8s Gen 3; AMOLED; 5G,12,"Demo catalog entry; price/stock are indicative, not live marketplace data."
PH0132,Phone,POCO,F6,Base,Blue,256GB / 8GB,30000,4.4,18197,In Stock,Performance; gaming; value,Snapdragon 8s Gen 3; AMOLED; 5G,12,"Demo catalog entry; price/stock are indicative, not live marketplace data."
PH0133,Phone,POCO,F6,Base,Silver,256GB / 12GB,30000,4.4,18334,Limited Stock,Performance; gaming; value,Snapdragon 8s Gen 3; AMOLED; 5G,12,"Demo catalog entry; price/stock are indicative, not live marketplace data."
PH0134,Phone,POCO,F6,Prime,Black,256GB / 12GB,32400,4.4,18471,In Stock,Performance; gaming; value,Snapdragon 8s Gen 3; AMOLED; 5G,12,"Demo catalog entry; price/stock are indicative, not live marketplace data."
PH0135,Phone,POCO,F6,Prime,Green,512GB / 12GB,32400,4.4,18608,Demo SKU,Performance; gaming; value,Snapdragon 8s Gen 3; AMOLED; 5G,12,"Demo catalog entry; price/stock are indicative, not live marketplace data."
PH0136,Phone,Motorola,Edge 60 Fusion,Base,Black,128GB / 8GB,23000,4.3,18745,In Stock,Design; battery; clean software,AMOLED; 5G; 50MP class camera,12,"Demo catalog entry; price/stock are indicative, not live marketplace data."
PH0137,Phone,Motorola,Edge 60 Fusion,Base,Blue,256GB / 8GB,23000,4.3,382,In Stock,Design; battery; clean software,AMOLED; 5G; 50MP class camera,12,"Demo catalog entry; price/stock are indicative, not live marketplace data."
PH0138,Phone,Motorola,Edge 60 Fusion,Base,Silver,256GB / 12GB,23000,4.3,519,Limited Stock,Design; battery; clean software,AMOLED; 5G; 50MP class camera,12,"Demo catalog entry; price/stock are indicative, not live marketplace data."
PH0139,Phone,Motorola,Edge 60 Fusion,Prime,Black,256GB / 12GB,24800,4.3,656,In Stock,Design; battery; clean software,AMOLED; 5G; 50MP class camera,12,"Demo catalog entry; price/stock are indicative, not live marketplace data."
PH0140,Phone,Motorola,Edge 60 Fusion,Prime,Green,512GB / 12GB,24800,4.3,793,Demo SKU,Design; battery; clean software,AMOLED; 5G; 50MP class camera,12,"Demo catalog entry; price/stock are indicative, not live marketplace data."
PH0141,Phone,Motorola,Edge 50 Pro,Base,Black,128GB / 8GB,32000,4.4,930,In Stock,Design; camera; display,pOLED display; 5G; triple-camera setup,12,"Demo catalog entry; price/stock are indicative, not live marketplace data."
PH0142,Phone,Motorola,Edge 50 Pro,Base,Blue,256GB / 8GB,32000,4.4,1067,In Stock,Design; camera; display,pOLED display; 5G; triple-camera setup,12,"Demo catalog entry; price/stock are indicative, not live marketplace data."
PH0143,Phone,Motorola,Edge 50 Pro,Base,Silver,256GB / 12GB,32000,4.4,1204,Limited Stock,Design; camera; display,pOLED display; 5G; triple-camera setup,12,"Demo catalog entry; price/stock are indicative, not live marketplace data."
PH0144,Phone,Motorola,Edge 50 Pro,Prime,Black,256GB / 12GB,34600,4.4,1341,In Stock,Design; camera; display,pOLED display; 5G; triple-camera setup,12,"Demo catalog entry; price/stock are indicative, not live marketplace data."
PH0145,Phone,Motorola,Edge 50 Pro,Prime,Green,512GB / 12GB,34600,4.4,1478,Demo SKU,Design; camera; display,pOLED display; 5G; triple-camera setup,12,"Demo catalog entry; price/stock are indicative, not live marketplace data."
PH0146,Phone,Vivo,V50,Base,Black,128GB / 8GB,35000,4.3,1615,In Stock,Portraits; battery; design,AMOLED; 50MP dual camera; 5G,12,"Demo catalog entry; price/stock are indicative, not live marketplace data."
PH0147,Phone,Vivo,V50,Base,Blue,256GB / 8GB,35000,4.3,1752,In Stock,Portraits; battery; design,AMOLED; 50MP dual camera; 5G,12,"Demo catalog entry; price/stock are indicative, not live marketplace data."
PH0148,Phone,Vivo,V50,Base,Silver,256GB / 12GB,35000,4.3,1889,Limited Stock,Portraits; battery; design,AMOLED; 50MP dual camera; 5G,12,"Demo catalog entry; price/stock are indicative, not live marketplace data."
PH0149,Phone,Vivo,V50,Prime,Black,256GB / 12GB,37800,4.3,2026,In Stock,Portraits; battery; design,AMOLED; 50MP dual camera; 5G,12,"Demo catalog entry; price/stock are indicative, not live marketplace data."
PH0150,Phone,Vivo,V50,Prime,Green,512GB / 12GB,37800,4.3,2163,Demo SKU,Portraits; battery; design,AMOLED; 50MP dual camera; 5G,12,"Demo catalog entry; price/stock are indicative, not live marketplace data."
PH0151,Phone,Vivo,V40,Base,Black,128GB / 8GB,35000,4.3,2300,In Stock,Portraits; design; battery,AMOLED; ZEISS-assisted camera system; 5G,12,"Demo catalog entry; price/stock are indicative, not live marketplace data."
PH0152,Phone,Vivo,V40,Base,Blue,256GB / 8GB,35000,4.3,2437,In Stock,Portraits; design; battery,AMOLED; ZEISS-assisted camera system; 5G,12,"Demo catalog entry; price/stock are indicative, not live marketplace data."
PH0153,Phone,Vivo,V40,Base,Silver,256GB / 12GB,35000,4.3,2574,Limited Stock,Portraits; design; battery,AMOLED; ZEISS-assisted camera system; 5G,12,"Demo catalog entry; price/stock are indicative, not live marketplace data."
PH0154,Phone,Vivo,V40,Prime,Black,256GB / 12GB,37800,4.3,2711,In Stock,Portraits; design; battery,AMOLED; ZEISS-assisted camera system; 5G,12,"Demo catalog entry; price/stock are indicative, not live marketplace data."
PH0155,Phone,Vivo,V40,Prime,Green,512GB / 12GB,37800,4.3,2848,Demo SKU,Portraits; design; battery,AMOLED; ZEISS-assisted camera system; 5G,12,"Demo catalog entry; price/stock are indicative, not live marketplace data."
PH0156,Phone,OPPO,Reno 13,Base,Black,128GB / 8GB,38000,4.3,2985,In Stock,Portraits; design; everyday use,AMOLED; 5G; multi-camera system,12,"Demo catalog entry; price/stock are indicative, not live marketplace data."
PH0157,Phone,OPPO,Reno 13,Base,Blue,256GB / 8GB,38000,4.3,3122,In Stock,Portraits; design; everyday use,AMOLED; 5G; multi-camera system,12,"Demo catalog entry; price/stock are indicative, not live marketplace data."
PH0158,Phone,OPPO,Reno 13,Base,Silver,256GB / 12GB,38000,4.3,3259,Limited Stock,Portraits; design; everyday use,AMOLED; 5G; multi-camera system,12,"Demo catalog entry; price/stock are indicative, not live marketplace data."
PH0159,Phone,OPPO,Reno 13,Prime,Black,256GB / 12GB,41000,4.3,3396,In Stock,Portraits; design; everyday use,AMOLED; 5G; multi-camera system,12,"Demo catalog entry; price/stock are indicative, not live marketplace data."
PH0160,Phone,OPPO,Reno 13,Prime,Green,512GB / 12GB,41000,4.3,3533,Demo SKU,Portraits; design; everyday use,AMOLED; 5G; multi-camera system,12,"Demo catalog entry; price/stock are indicative, not live marketplace data."
PH0161,Phone,OPPO,Reno 13 Pro,Base,Black,128GB / 8GB,50000,4.4,3670,In Stock,Portraits; camera; premium design,AMOLED; 5G; telephoto-class camera,12,"Demo catalog entry; price/stock are indicative, not live marketplace data."
PH0162,Phone,OPPO,Reno 13 Pro,Base,Blue,256GB / 8GB,50000,4.4,3807,In Stock,Portraits; camera; premium design,AMOLED; 5G; telephoto-class camera,12,"Demo catalog entry; price/stock are indicative, not live marketplace data."
PH0163,Phone,OPPO,Reno 13 Pro,Base,Silver,256GB / 12GB,50000,4.4,3944,Limited Stock,Portraits; camera; premium design,AMOLED; 5G; telephoto-class camera,12,"Demo catalog entry; price/stock are indicative, not live marketplace data."
PH0164,Phone,OPPO,Reno 13 Pro,Prime,Black,256GB / 12GB,54000,4.4,4081,In Stock,Portraits; camera; premium design,AMOLED; 5G; telephoto-class camera,12,"Demo catalog entry; price/stock are indicative, not live marketplace data."
PH0165,Phone,OPPO,Reno 13 Pro,Prime,Green,512GB / 12GB,54000,4.4,4218,Demo SKU,Portraits; camera; premium design,AMOLED; 5G; telephoto-class camera,12,"Demo catalog entry; price/stock are indicative, not live marketplace data."
PH0166,Phone,Realme,GT 7,Base,Black,128GB / 8GB,43000,4.5,4355,In Stock,Performance; gaming; battery,High-performance MediaTek chipset; AMOLED; 5G,12,"Demo catalog entry; price/stock are indicative, not live marketplace data."
PH0167,Phone,Realme,GT 7,Base,Blue,256GB / 8GB,43000,4.5,4492,In Stock,Performance; gaming; battery,High-performance MediaTek chipset; AMOLED; 5G,12,"Demo catalog entry; price/stock are indicative, not live marketplace data."
PH0168,Phone,Realme,GT 7,Base,Silver,256GB / 12GB,43000,4.5,4629,Limited Stock,Performance; gaming; battery,High-performance MediaTek chipset; AMOLED; 5G,12,"Demo catalog entry; price/stock are indicative, not live marketplace data."
PH0169,Phone,Realme,GT 7,Prime,Black,256GB / 12GB,46400,4.5,4766,In Stock,Performance; gaming; battery,High-performance MediaTek chipset; AMOLED; 5G,12,"Demo catalog entry; price/stock are indicative, not live marketplace data."
PH0170,Phone,Realme,GT 7,Prime,Green,512GB / 12GB,46400,4.5,4903,Demo SKU,Performance; gaming; battery,High-performance MediaTek chipset; AMOLED; 5G,12,"Demo catalog entry; price/stock are indicative, not live marketplace data."
PH0171,Phone,Realme,P3 Pro 5G,Base,Black,128GB / 8GB,26000,4.3,5040,In Stock,Value; gaming; battery,AMOLED; 5G; fast charging,12,"Demo catalog entry; price/stock are indicative, not live marketplace data."
PH0172,Phone,Realme,P3 Pro 5G,Base,Blue,256GB / 8GB,26000,4.3,5177,In Stock,Value; gaming; battery,AMOLED; 5G; fast charging,12,"Demo catalog entry; price/stock are indicative, not live marketplace data."
PH0173,Phone,Realme,P3 Pro 5G,Base,Silver,256GB / 12GB,26000,4.3,5314,Limited Stock,Value; gaming; battery,AMOLED; 5G; fast charging,12,"Demo catalog entry; price/stock are indicative, not live marketplace data."
PH0174,Phone,Realme,P3 Pro 5G,Prime,Black,256GB / 12GB,28100,4.3,5451,In Stock,Value; gaming; battery,AMOLED; 5G; fast charging,12,"Demo catalog entry; price/stock are indicative, not live marketplace data."
PH0175,Phone,Realme,P3 Pro 5G,Prime,Green,512GB / 12GB,28100,4.3,5588,Demo SKU,Value; gaming; battery,AMOLED; 5G; fast charging,12,"Demo catalog entry; price/stock are indicative, not live marketplace data."
PH0176,Phone,Nokia,G42 5G,Base,Black,128GB / 8GB,13000,4.1,5725,In Stock,Budget; repairability; basic use,LCD; 5G; large battery,12,"Demo catalog entry; price/stock are indicative, not live marketplace data."
PH0177,Phone,Nokia,G42 5G,Base,Blue,256GB / 8GB,13000,4.1,5862,In Stock,Budget; repairability; basic use,LCD; 5G; large battery,12,"Demo catalog entry; price/stock are indicative, not live marketplace data."
PH0178,Phone,Nokia,G42 5G,Base,Silver,256GB / 12GB,13000,4.1,5999,Limited Stock,Budget; repairability; basic use,LCD; 5G; large battery,12,"Demo catalog entry; price/stock are indicative, not live marketplace data."
PH0179,Phone,Nokia,G42 5G,Prime,Black,256GB / 12GB,14000,4.1,6136,In Stock,Budget; repairability; basic use,LCD; 5G; large battery,12,"Demo catalog entry; price/stock are indicative, not live marketplace data."
PH0180,Phone,Nokia,G42 5G,Prime,Green,512GB / 12GB,14000,4.1,6273,Demo SKU,Budget; repairability; basic use,LCD; 5G; large battery,12,"Demo catalog entry; price/stock are indicative, not live marketplace data."
LA0181,Laptop,Apple,MacBook Air 13-inch (M4),Base,Silver,16GB / 512GB SSD,99900,4.7,6410,In Stock,Portability; coding; productivity,M4; 13.6-inch Liquid Retina; macOS,12,"Demo catalog entry; price/stock are indicative, not live marketplace data."
LA0182,Laptop,Apple,MacBook Air 13-inch (M4),Base,Grey,16GB / 1TB SSD,99900,4.7,6547,In Stock,Portability; coding; productivity,M4; 13.6-inch Liquid Retina; macOS,12,"Demo catalog entry; price/stock are indicative, not live marketplace data."
LA0183,Laptop,Apple,MacBook Air 13-inch (M4),Creator,Blue,16GB / 1TB SSD,104900,4.7,6684,Limited Stock,Portability; coding; productivity,M4; 13.6-inch Liquid Retina; macOS,12,"Demo catalog entry; price/stock are indicative, not live marketplace data."
LA0184,Laptop,Apple,MacBook Air 13-inch (M4),Pro,Grey,32GB / 1TB SSD,119900,4.7,6821,In Stock,Portability; coding; productivity,M4; 13.6-inch Liquid Retina; macOS,12,"Demo catalog entry; price/stock are indicative, not live marketplace data."
LA0185,Laptop,Apple,MacBook Air 13-inch (M4),Pro,Silver,32GB / 2TB SSD,119900,4.7,6958,Demo SKU,Portability; coding; productivity,M4; 13.6-inch Liquid Retina; macOS,12,"Demo catalog entry; price/stock are indicative, not live marketplace data."
LA0186,Laptop,Apple,MacBook Air 15-inch (M4),Base,Silver,16GB / 512GB SSD,119900,4.7,7095,In Stock,Large-screen productivity; coding,M4; 15.3-inch Liquid Retina; macOS,12,"Demo catalog entry; price/stock are indicative, not live marketplace data."
LA0187,Laptop,Apple,MacBook Air 15-inch (M4),Base,Grey,16GB / 1TB SSD,119900,4.7,7232,In Stock,Large-screen productivity; coding,M4; 15.3-inch Liquid Retina; macOS,12,"Demo catalog entry; price/stock are indicative, not live marketplace data."
LA0188,Laptop,Apple,MacBook Air 15-inch (M4),Creator,Blue,16GB / 1TB SSD,125900,4.7,7369,Limited Stock,Large-screen productivity; coding,M4; 15.3-inch Liquid Retina; macOS,12,"Demo catalog entry; price/stock are indicative, not live marketplace data."
LA0189,Laptop,Apple,MacBook Air 15-inch (M4),Pro,Grey,32GB / 1TB SSD,143900,4.7,7506,In Stock,Large-screen productivity; coding,M4; 15.3-inch Liquid Retina; macOS,12,"Demo catalog entry; price/stock are indicative, not live marketplace data."
LA0190,Laptop,Apple,MacBook Air 15-inch (M4),Pro,Silver,32GB / 2TB SSD,143900,4.7,7643,Demo SKU,Large-screen productivity; coding,M4; 15.3-inch Liquid Retina; macOS,12,"Demo catalog entry; price/stock are indicative, not live marketplace data."
LA0191,Laptop,Apple,MacBook Pro 14-inch (M4),Base,Silver,16GB / 512GB SSD,169900,4.7,7780,In Stock,Development; creator workflows; AI tools,M4; 14.2-inch Liquid Retina XDR,12,"Demo catalog entry; price/stock are indicative, not live marketplace data."
LA0192,Laptop,Apple,MacBook Pro 14-inch (M4),Base,Grey,16GB / 1TB SSD,169900,4.7,7917,In Stock,Development; creator workflows; AI tools,M4; 14.2-inch Liquid Retina XDR,12,"Demo catalog entry; price/stock are indicative, not live marketplace data."
LA0193,Laptop,Apple,MacBook Pro 14-inch (M4),Creator,Blue,16GB / 1TB SSD,178400,4.7,8054,Limited Stock,Development; creator workflows; AI tools,M4; 14.2-inch Liquid Retina XDR,12,"Demo catalog entry; price/stock are indicative, not live marketplace data."
LA0194,Laptop,Apple,MacBook Pro 14-inch (M4),Pro,Grey,32GB / 1TB SSD,203900,4.7,8191,In Stock,Development; creator workflows; AI tools,M4; 14.2-inch Liquid Retina XDR,12,"Demo catalog entry; price/stock are indicative, not live marketplace data."
LA0195,Laptop,Apple,MacBook Pro 14-inch (M4),Pro,Silver,32GB / 2TB SSD,203900,4.7,8328,Demo SKU,Development; creator workflows; AI tools,M4; 14.2-inch Liquid Retina XDR,12,"Demo catalog entry; price/stock are indicative, not live marketplace data."
LA0196,Laptop,Apple,MacBook Pro 14-inch (M4 Pro),Base,Silver,16GB / 512GB SSD,219900,4.8,8465,In Stock,Development; heavy compute; creator workflows,M4 Pro; Liquid Retina XDR,12,"Demo catalog entry; price/stock are indicative, not live marketplace data."
LA0197,Laptop,Apple,MacBook Pro 14-inch (M4 Pro),Base,Grey,16GB / 1TB SSD,219900,4.8,8602,In Stock,Development; heavy compute; creator workflows,M4 Pro; Liquid Retina XDR,12,"Demo catalog entry; price/stock are indicative, not live marketplace data."
LA0198,Laptop,Apple,MacBook Pro 14-inch (M4 Pro),Creator,Blue,16GB / 1TB SSD,230900,4.8,8739,Limited Stock,Development; heavy compute; creator workflows,M4 Pro; Liquid Retina XDR,12,"Demo catalog entry; price/stock are indicative, not live marketplace data."
LA0199,Laptop,Apple,MacBook Pro 14-inch (M4 Pro),Pro,Grey,32GB / 1TB SSD,263900,4.8,8876,In Stock,Development; heavy compute; creator workflows,M4 Pro; Liquid Retina XDR,12,"Demo catalog entry; price/stock are indicative, not live marketplace data."
LA0200,Laptop,Apple,MacBook Pro 14-inch (M4 Pro),Pro,Silver,32GB / 2TB SSD,263900,4.8,9013,Demo SKU,Development; heavy compute; creator workflows,M4 Pro; Liquid Retina XDR,12,"Demo catalog entry; price/stock are indicative, not live marketplace data."
LA0201,Laptop,Apple,MacBook Pro 16-inch (M4 Pro),Base,Silver,16GB / 512GB SSD,249900,4.8,9150,In Stock,Heavy development; video; creator work,M4 Pro; 16.2-inch Liquid Retina XDR,12,"Demo catalog entry; price/stock are indicative, not live marketplace data."
LA0202,Laptop,Apple,MacBook Pro 16-inch (M4 Pro),Base,Grey,16GB / 1TB SSD,249900,4.8,9287,In Stock,Heavy development; video; creator work,M4 Pro; 16.2-inch Liquid Retina XDR,12,"Demo catalog entry; price/stock are indicative, not live marketplace data."
LA0203,Laptop,Apple,MacBook Pro 16-inch (M4 Pro),Creator,Blue,16GB / 1TB SSD,262400,4.8,9424,Limited Stock,Heavy development; video; creator work,M4 Pro; 16.2-inch Liquid Retina XDR,12,"Demo catalog entry; price/stock are indicative, not live marketplace data."
LA0204,Laptop,Apple,MacBook Pro 16-inch (M4 Pro),Pro,Grey,32GB / 1TB SSD,299900,4.8,9561,In Stock,Heavy development; video; creator work,M4 Pro; 16.2-inch Liquid Retina XDR,12,"Demo catalog entry; price/stock are indicative, not live marketplace data."
LA0205,Laptop,Apple,MacBook Pro 16-inch (M4 Pro),Pro,Silver,32GB / 2TB SSD,299900,4.8,9698,Demo SKU,Heavy development; video; creator work,M4 Pro; 16.2-inch Liquid Retina XDR,12,"Demo catalog entry; price/stock are indicative, not live marketplace data."
LA0206,Laptop,Apple,MacBook Pro 16-inch (M4 Max),Base,Silver,16GB / 512GB SSD,329900,4.8,9835,In Stock,Heavy compute; video; professional workloads,M4 Max; 16.2-inch Liquid Retina XDR,12,"Demo catalog entry; price/stock are indicative, not live marketplace data."
LA0207,Laptop,Apple,MacBook Pro 16-inch (M4 Max),Base,Grey,16GB / 1TB SSD,329900,4.8,9972,In Stock,Heavy compute; video; professional workloads,M4 Max; 16.2-inch Liquid Retina XDR,12,"Demo catalog entry; price/stock are indicative, not live marketplace data."
LA0208,Laptop,Apple,MacBook Pro 16-inch (M4 Max),Creator,Blue,16GB / 1TB SSD,346400,4.8,10109,Limited Stock,Heavy compute; video; professional workloads,M4 Max; 16.2-inch Liquid Retina XDR,12,"Demo catalog entry; price/stock are indicative, not live marketplace data."
LA0209,Laptop,Apple,MacBook Pro 16-inch (M4 Max),Pro,Grey,32GB / 1TB SSD,395900,4.8,10246,In Stock,Heavy compute; video; professional workloads,M4 Max; 16.2-inch Liquid Retina XDR,12,"Demo catalog entry; price/stock are indicative, not live marketplace data."
LA0210,Laptop,Apple,MacBook Pro 16-inch (M4 Max),Pro,Silver,32GB / 2TB SSD,395900,4.8,10383,Demo SKU,Heavy compute; video; professional workloads,M4 Max; 16.2-inch Liquid Retina XDR,12,"Demo catalog entry; price/stock are indicative, not live marketplace data."
LA0211,Laptop,Dell,Inspiron 15 3530,Base,Silver,16GB / 512GB SSD,58000,4.1,10520,In Stock,Office; study; coding,15.6-inch FHD; Intel Core; SSD,12,"Demo catalog entry; price/stock are indicative, not live marketplace data."
LA0212,Laptop,Dell,Inspiron 15 3530,Base,Grey,16GB / 1TB SSD,58000,4.1,10657,In Stock,Office; study; coding,15.6-inch FHD; Intel Core; SSD,12,"Demo catalog entry; price/stock are indicative, not live marketplace data."
LA0213,Laptop,Dell,Inspiron 15 3530,Creator,Blue,16GB / 1TB SSD,60900,4.1,10794,Limited Stock,Office; study; coding,15.6-inch FHD; Intel Core; SSD,12,"Demo catalog entry; price/stock are indicative, not live marketplace data."
LA0214,Laptop,Dell,Inspiron 15 3530,Pro,Grey,32GB / 1TB SSD,69600,4.1,10931,In Stock,Office; study; coding,15.6-inch FHD; Intel Core; SSD,12,"Demo catalog entry; price/stock are indicative, not live marketplace data."
LA0215,Laptop,Dell,Inspiron 15 3530,Pro,Silver,32GB / 2TB SSD,69600,4.1,11068,Demo SKU,Office; study; coding,15.6-inch FHD; Intel Core; SSD,12,"Demo catalog entry; price/stock are indicative, not live marketplace data."
LA0216,Laptop,Dell,Inspiron 14 5440,Base,Silver,16GB / 512GB SSD,65000,4.2,11205,In Stock,College; productivity; portability,14-inch display; Intel Core; SSD,12,"Demo catalog entry; price/stock are indicative, not live marketplace data."
LA0217,Laptop,Dell,Inspiron 14 5440,Base,Grey,16GB / 1TB SSD,65000,4.2,11342,In Stock,College; productivity; portability,14-inch display; Intel Core; SSD,12,"Demo catalog entry; price/stock are indicative, not live marketplace data."
LA0218,Laptop,Dell,Inspiron 14 5440,Creator,Blue,16GB / 1TB SSD,68200,4.2,11479,Limited Stock,College; productivity; portability,14-inch display; Intel Core; SSD,12,"Demo catalog entry; price/stock are indicative, not live marketplace data."
LA0219,Laptop,Dell,Inspiron 14 5440,Pro,Grey,32GB / 1TB SSD,78000,4.2,11616,In Stock,College; productivity; portability,14-inch display; Intel Core; SSD,12,"Demo catalog entry; price/stock are indicative, not live marketplace data."
LA0220,Laptop,Dell,Inspiron 14 5440,Pro,Silver,32GB / 2TB SSD,78000,4.2,11753,Demo SKU,College; productivity; portability,14-inch display; Intel Core; SSD,12,"Demo catalog entry; price/stock are indicative, not live marketplace data."
LA0221,Laptop,Dell,G15 Gaming,Base,Silver,16GB / 512GB SSD,100000,4.3,11890,In Stock,Gaming; GPU workloads; AI/ML,15.6-inch high-refresh; RTX graphics variants,12,"Demo catalog entry; price/stock are indicative, not live marketplace data."
LA0222,Laptop,Dell,G15 Gaming,Base,Grey,16GB / 1TB SSD,100000,4.3,12027,In Stock,Gaming; GPU workloads; AI/ML,15.6-inch high-refresh; RTX graphics variants,12,"Demo catalog entry; price/stock are indicative, not live marketplace data."
LA0223,Laptop,Dell,G15 Gaming,Creator,Blue,16GB / 1TB SSD,105000,4.3,12164,Limited Stock,Gaming; GPU workloads; AI/ML,15.6-inch high-refresh; RTX graphics variants,12,"Demo catalog entry; price/stock are indicative, not live marketplace data."
LA0224,Laptop,Dell,G15 Gaming,Pro,Grey,32GB / 1TB SSD,120000,4.3,12301,In Stock,Gaming; GPU workloads; AI/ML,15.6-inch high-refresh; RTX graphics variants,12,"Demo catalog entry; price/stock are indicative, not live marketplace data."
LA0225,Laptop,Dell,G15 Gaming,Pro,Silver,32GB / 2TB SSD,120000,4.3,12438,Demo SKU,Gaming; GPU workloads; AI/ML,15.6-inch high-refresh; RTX graphics variants,12,"Demo catalog entry; price/stock are indicative, not live marketplace data."
LA0226,Laptop,Dell,XPS 13,Base,Silver,16GB / 512GB SSD,120000,4.4,12575,In Stock,Premium portability; coding; travel,13-inch class display; Intel Core Ultra,12,"Demo catalog entry; price/stock are indicative, not live marketplace data."
LA0227,Laptop,Dell,XPS 13,Base,Grey,16GB / 1TB SSD,120000,4.4,12712,In Stock,Premium portability; coding; travel,13-inch class display; Intel Core Ultra,12,"Demo catalog entry; price/stock are indicative, not live marketplace data."
LA0228,Laptop,Dell,XPS 13,Creator,Blue,16GB / 1TB SSD,126000,4.4,12849,Limited Stock,Premium portability; coding; travel,13-inch class display; Intel Core Ultra,12,"Demo catalog entry; price/stock are indicative, not live marketplace data."
LA0229,Laptop,Dell,XPS 13,Pro,Grey,32GB / 1TB SSD,144000,4.4,12986,In Stock,Premium portability; coding; travel,13-inch class display; Intel Core Ultra,12,"Demo catalog entry; price/stock are indicative, not live marketplace data."
LA0230,Laptop,Dell,XPS 13,Pro,Silver,32GB / 2TB SSD,144000,4.4,13123,Demo SKU,Premium portability; coding; travel,13-inch class display; Intel Core Ultra,12,"Demo catalog entry; price/stock are indicative, not live marketplace data."
LA0231,Laptop,HP,Victus Gaming 15,Base,Silver,16GB / 512GB SSD,90000,4.2,13260,In Stock,Gaming; AI/ML; GPU workloads,15.6-inch high-refresh; RTX graphics variants,12,"Demo catalog entry; price/stock are indicative, not live marketplace data."
LA0232,Laptop,HP,Victus Gaming 15,Base,Grey,16GB / 1TB SSD,90000,4.2,13397,In Stock,Gaming; AI/ML; GPU workloads,15.6-inch high-refresh; RTX graphics variants,12,"Demo catalog entry; price/stock are indicative, not live marketplace data."
LA0233,Laptop,HP,Victus Gaming 15,Creator,Blue,16GB / 1TB SSD,94500,4.2,13534,Limited Stock,Gaming; AI/ML; GPU workloads,15.6-inch high-refresh; RTX graphics variants,12,"Demo catalog entry; price/stock are indicative, not live marketplace data."
LA0234,Laptop,HP,Victus Gaming 15,Pro,Grey,32GB / 1TB SSD,108000,4.2,13671,In Stock,Gaming; AI/ML; GPU workloads,15.6-inch high-refresh; RTX graphics variants,12,"Demo catalog entry; price/stock are indicative, not live marketplace data."
LA0235,Laptop,HP,Victus Gaming 15,Pro,Silver,32GB / 2TB SSD,108000,4.2,13808,Demo SKU,Gaming; AI/ML; GPU workloads,15.6-inch high-refresh; RTX graphics variants,12,"Demo catalog entry; price/stock are indicative, not live marketplace data."
LA0236,Laptop,HP,Victus Gaming 16,Base,Silver,16GB / 512GB SSD,110000,4.3,13945,In Stock,Gaming; AI/ML; creator workloads,16.1-inch high-refresh; RTX graphics variants,12,"Demo catalog entry; price/stock are indicative, not live marketplace data."
LA0237,Laptop,HP,Victus Gaming 16,Base,Grey,16GB / 1TB SSD,110000,4.3,14082,In Stock,Gaming; AI/ML; creator workloads,16.1-inch high-refresh; RTX graphics variants,12,"Demo catalog entry; price/stock are indicative, not live marketplace data."
LA0238,Laptop,HP,Victus Gaming 16,Creator,Blue,16GB / 1TB SSD,115500,4.3,14219,Limited Stock,Gaming; AI/ML; creator workloads,16.1-inch high-refresh; RTX graphics variants,12,"Demo catalog entry; price/stock are indicative, not live marketplace data."
LA0239,Laptop,HP,Victus Gaming 16,Pro,Grey,32GB / 1TB SSD,132000,4.3,14356,In Stock,Gaming; AI/ML; creator workloads,16.1-inch high-refresh; RTX graphics variants,12,"Demo catalog entry; price/stock are indicative, not live marketplace data."
LA0240,Laptop,HP,Victus Gaming 16,Pro,Silver,32GB / 2TB SSD,132000,4.3,14493,Demo SKU,Gaming; AI/ML; creator workloads,16.1-inch high-refresh; RTX graphics variants,12,"Demo catalog entry; price/stock are indicative, not live marketplace data."
LA0241,Laptop,HP,Pavilion 14,Base,Silver,16GB / 512GB SSD,70000,4.3,14630,In Stock,Premium college; office; portability,14-inch FHD-class display; Intel Core,12,"Demo catalog entry; price/stock are indicative, not live marketplace data."
LA0242,Laptop,HP,Pavilion 14,Base,Grey,16GB / 1TB SSD,70000,4.3,14767,In Stock,Premium college; office; portability,14-inch FHD-class display; Intel Core,12,"Demo catalog entry; price/stock are indicative, not live marketplace data."
LA0243,Laptop,HP,Pavilion 14,Creator,Blue,16GB / 1TB SSD,73500,4.3,14904,Limited Stock,Premium college; office; portability,14-inch FHD-class display; Intel Core,12,"Demo catalog entry; price/stock are indicative, not live marketplace data."
LA0244,Laptop,HP,Pavilion 14,Pro,Grey,32GB / 1TB SSD,84000,4.3,15041,In Stock,Premium college; office; portability,14-inch FHD-class display; Intel Core,12,"Demo catalog entry; price/stock are indicative, not live marketplace data."
LA0245,Laptop,HP,Pavilion 14,Pro,Silver,32GB / 2TB SSD,84000,4.3,15178,Demo SKU,Premium college; office; portability,14-inch FHD-class display; Intel Core,12,"Demo catalog entry; price/stock are indicative, not live marketplace data."
LA0246,Laptop,HP,Envy x360 14,Base,Silver,16GB / 512GB SSD,100000,4.3,15315,In Stock,2-in-1 productivity; portability,14-inch touch; Intel Core Ultra,12,"Demo catalog entry; price/stock are indicative, not live marketplace data."
LA0247,Laptop,HP,Envy x360 14,Base,Grey,16GB / 1TB SSD,100000,4.3,15452,In Stock,2-in-1 productivity; portability,14-inch touch; Intel Core Ultra,12,"Demo catalog entry; price/stock are indicative, not live marketplace data."
LA0248,Laptop,HP,Envy x360 14,Creator,Blue,16GB / 1TB SSD,105000,4.3,15589,Limited Stock,2-in-1 productivity; portability,14-inch touch; Intel Core Ultra,12,"Demo catalog entry; price/stock are indicative, not live marketplace data."
LA0249,Laptop,HP,Envy x360 14,Pro,Grey,32GB / 1TB SSD,120000,4.3,15726,In Stock,2-in-1 productivity; portability,14-inch touch; Intel Core Ultra,12,"Demo catalog entry; price/stock are indicative, not live marketplace data."
LA0250,Laptop,HP,Envy x360 14,Pro,Silver,32GB / 2TB SSD,120000,4.3,15863,Demo SKU,2-in-1 productivity; portability,14-inch touch; Intel Core Ultra,12,"Demo catalog entry; price/stock are indicative, not live marketplace data."
LA0251,Laptop,HP,Spectre x360 14,Base,Silver,16GB / 512GB SSD,150000,4.5,16000,In Stock,Premium 2-in-1; productivity; travel,OLED touch; Intel Core Ultra,12,"Demo catalog entry; price/stock are indicative, not live marketplace data."
LA0252,Laptop,HP,Spectre x360 14,Base,Grey,16GB / 1TB SSD,150000,4.5,16137,In Stock,Premium 2-in-1; productivity; travel,OLED touch; Intel Core Ultra,12,"Demo catalog entry; price/stock are indicative, not live marketplace data."
LA0253,Laptop,HP,Spectre x360 14,Creator,Blue,16GB / 1TB SSD,157500,4.5,16274,Limited Stock,Premium 2-in-1; productivity; travel,OLED touch; Intel Core Ultra,12,"Demo catalog entry; price/stock are indicative, not live marketplace data."
LA0254,Laptop,HP,Spectre x360 14,Pro,Grey,32GB / 1TB SSD,180000,4.5,16411,In Stock,Premium 2-in-1; productivity; travel,OLED touch; Intel Core Ultra,12,"Demo catalog entry; price/stock are indicative, not live marketplace data."
LA0255,Laptop,HP,Spectre x360 14,Pro,Silver,32GB / 2TB SSD,180000,4.5,16548,Demo SKU,Premium 2-in-1; productivity; travel,OLED touch; Intel Core Ultra,12,"Demo catalog entry; price/stock are indicative, not live marketplace data."
LA0256,Laptop,Lenovo,IdeaPad Slim 3,Base,Silver,16GB / 512GB SSD,60000,4.3,16685,In Stock,College; productivity; coding,15.6-inch FHD; Intel/Ryzen options,12,"Demo catalog entry; price/stock are indicative, not live marketplace data."
LA0257,Laptop,Lenovo,IdeaPad Slim 3,Base,Grey,16GB / 1TB SSD,60000,4.3,16822,In Stock,College; productivity; coding,15.6-inch FHD; Intel/Ryzen options,12,"Demo catalog entry; price/stock are indicative, not live marketplace data."
LA0258,Laptop,Lenovo,IdeaPad Slim 3,Creator,Blue,16GB / 1TB SSD,63000,4.3,16959,Limited Stock,College; productivity; coding,15.6-inch FHD; Intel/Ryzen options,12,"Demo catalog entry; price/stock are indicative, not live marketplace data."
LA0259,Laptop,Lenovo,IdeaPad Slim 3,Pro,Grey,32GB / 1TB SSD,72000,4.3,17096,In Stock,College; productivity; coding,15.6-inch FHD; Intel/Ryzen options,12,"Demo catalog entry; price/stock are indicative, not live marketplace data."
LA0260,Laptop,Lenovo,IdeaPad Slim 3,Pro,Silver,32GB / 2TB SSD,72000,4.3,17233,Demo SKU,College; productivity; coding,15.6-inch FHD; Intel/Ryzen options,12,"Demo catalog entry; price/stock are indicative, not live marketplace data."
LA0261,Laptop,Lenovo,IdeaPad Slim 5,Base,Silver,16GB / 512GB SSD,75000,4.4,17370,In Stock,College; coding; office,14/16-inch class display; modern Core/Ryzen,12,"Demo catalog entry; price/stock are indicative, not live marketplace data."
LA0262,Laptop,Lenovo,IdeaPad Slim 5,Base,Grey,16GB / 1TB SSD,75000,4.4,17507,In Stock,College; coding; office,14/16-inch class display; modern Core/Ryzen,12,"Demo catalog entry; price/stock are indicative, not live marketplace data."
LA0263,Laptop,Lenovo,IdeaPad Slim 5,Creator,Blue,16GB / 1TB SSD,78700,4.4,17644,Limited Stock,College; coding; office,14/16-inch class display; modern Core/Ryzen,12,"Demo catalog entry; price/stock are indicative, not live marketplace data."
LA0264,Laptop,Lenovo,IdeaPad Slim 5,Pro,Grey,32GB / 1TB SSD,90000,4.4,17781,In Stock,College; coding; office,14/16-inch class display; modern Core/Ryzen,12,"Demo catalog entry; price/stock are indicative, not live marketplace data."
LA0265,Laptop,Lenovo,IdeaPad Slim 5,Pro,Silver,32GB / 2TB SSD,90000,4.4,17918,Demo SKU,College; coding; office,14/16-inch class display; modern Core/Ryzen,12,"Demo catalog entry; price/stock are indicative, not live marketplace data."
LA0266,Laptop,Lenovo,LOQ 15,Base,Silver,16GB / 512GB SSD,90000,4.5,18055,In Stock,Gaming; AI/ML; creator workloads,15.6-inch high-refresh; RTX graphics variants,12,"Demo catalog entry; price/stock are indicative, not live marketplace data."
LA0267,Laptop,Lenovo,LOQ 15,Base,Grey,16GB / 1TB SSD,90000,4.5,18192,In Stock,Gaming; AI/ML; creator workloads,15.6-inch high-refresh; RTX graphics variants,12,"Demo catalog entry; price/stock are indicative, not live marketplace data."
LA0268,Laptop,Lenovo,LOQ 15,Creator,Blue,16GB / 1TB SSD,94500,4.5,18329,Limited Stock,Gaming; AI/ML; creator workloads,15.6-inch high-refresh; RTX graphics variants,12,"Demo catalog entry; price/stock are indicative, not live marketplace data."
LA0269,Laptop,Lenovo,LOQ 15,Pro,Grey,32GB / 1TB SSD,108000,4.5,18466,In Stock,Gaming; AI/ML; creator workloads,15.6-inch high-refresh; RTX graphics variants,12,"Demo catalog entry; price/stock are indicative, not live marketplace data."
LA0270,Laptop,Lenovo,LOQ 15,Pro,Silver,32GB / 2TB SSD,108000,4.5,18603,Demo SKU,Gaming; AI/ML; creator workloads,15.6-inch high-refresh; RTX graphics variants,12,"Demo catalog entry; price/stock are indicative, not live marketplace data."
LA0271,Laptop,Lenovo,Legion 5,Base,Silver,16GB / 512GB SSD,130000,4.6,18740,In Stock,Gaming; AI/ML; heavy workloads,High-refresh display; RTX graphics variants,12,"Demo catalog entry; price/stock are indicative, not live marketplace data."
LA0272,Laptop,Lenovo,Legion 5,Base,Grey,16GB / 1TB SSD,130000,4.6,377,In Stock,Gaming; AI/ML; heavy workloads,High-refresh display; RTX graphics variants,12,"Demo catalog entry; price/stock are indicative, not live marketplace data."
LA0273,Laptop,Lenovo,Legion 5,Creator,Blue,16GB / 1TB SSD,136500,4.6,514,Limited Stock,Gaming; AI/ML; heavy workloads,High-refresh display; RTX graphics variants,12,"Demo catalog entry; price/stock are indicative, not live marketplace data."
LA0274,Laptop,Lenovo,Legion 5,Pro,Grey,32GB / 1TB SSD,156000,4.6,651,In Stock,Gaming; AI/ML; heavy workloads,High-refresh display; RTX graphics variants,12,"Demo catalog entry; price/stock are indicative, not live marketplace data."
LA0275,Laptop,Lenovo,Legion 5,Pro,Silver,32GB / 2TB SSD,156000,4.6,788,Demo SKU,Gaming; AI/ML; heavy workloads,High-refresh display; RTX graphics variants,12,"Demo catalog entry; price/stock are indicative, not live marketplace data."
LA0276,Laptop,Lenovo,ThinkPad E14,Base,Silver,16GB / 512GB SSD,70000,4.4,925,In Stock,Business; coding; productivity,14-inch display; business-focused keyboard,12,"Demo catalog entry; price/stock are indicative, not live marketplace data."
LA0277,Laptop,Lenovo,ThinkPad E14,Base,Grey,16GB / 1TB SSD,70000,4.4,1062,In Stock,Business; coding; productivity,14-inch display; business-focused keyboard,12,"Demo catalog entry; price/stock are indicative, not live marketplace data."
LA0278,Laptop,Lenovo,ThinkPad E14,Creator,Blue,16GB / 1TB SSD,73500,4.4,1199,Limited Stock,Business; coding; productivity,14-inch display; business-focused keyboard,12,"Demo catalog entry; price/stock are indicative, not live marketplace data."
LA0279,Laptop,Lenovo,ThinkPad E14,Pro,Grey,32GB / 1TB SSD,84000,4.4,1336,In Stock,Business; coding; productivity,14-inch display; business-focused keyboard,12,"Demo catalog entry; price/stock are indicative, not live marketplace data."
LA0280,Laptop,Lenovo,ThinkPad E14,Pro,Silver,32GB / 2TB SSD,84000,4.4,1473,Demo SKU,Business; coding; productivity,14-inch display; business-focused keyboard,12,"Demo catalog entry; price/stock are indicative, not live marketplace data."
LA0281,Laptop,ASUS,Vivobook 15,Base,Silver,16GB / 512GB SSD,53000,4.1,1610,In Stock,College; office; coding,15.6-inch FHD; Intel/Ryzen options,12,"Demo catalog entry; price/stock are indicative, not live marketplace data."
LA0282,Laptop,ASUS,Vivobook 15,Base,Grey,16GB / 1TB SSD,53000,4.1,1747,In Stock,College; office; coding,15.6-inch FHD; Intel/Ryzen options,12,"Demo catalog entry; price/stock are indicative, not live marketplace data."
LA0283,Laptop,ASUS,Vivobook 15,Creator,Blue,16GB / 1TB SSD,55600,4.1,1884,Limited Stock,College; office; coding,15.6-inch FHD; Intel/Ryzen options,12,"Demo catalog entry; price/stock are indicative, not live marketplace data."
LA0284,Laptop,ASUS,Vivobook 15,Pro,Grey,32GB / 1TB SSD,63600,4.1,2021,In Stock,College; office; coding,15.6-inch FHD; Intel/Ryzen options,12,"Demo catalog entry; price/stock are indicative, not live marketplace data."
LA0285,Laptop,ASUS,Vivobook 15,Pro,Silver,32GB / 2TB SSD,63600,4.1,2158,Demo SKU,College; office; coding,15.6-inch FHD; Intel/Ryzen options,12,"Demo catalog entry; price/stock are indicative, not live marketplace data."
LA0286,Laptop,ASUS,Vivobook S 14,Base,Silver,16GB / 512GB SSD,90000,4.4,2295,In Stock,Portability; coding; productivity,14-inch OLED-class display; modern processors,12,"Demo catalog entry; price/stock are indicative, not live marketplace data."
LA0287,Laptop,ASUS,Vivobook S 14,Base,Grey,16GB / 1TB SSD,90000,4.4,2432,In Stock,Portability; coding; productivity,14-inch OLED-class display; modern processors,12,"Demo catalog entry; price/stock are indicative, not live marketplace data."
LA0288,Laptop,ASUS,Vivobook S 14,Creator,Blue,16GB / 1TB SSD,94500,4.4,2569,Limited Stock,Portability; coding; productivity,14-inch OLED-class display; modern processors,12,"Demo catalog entry; price/stock are indicative, not live marketplace data."
LA0289,Laptop,ASUS,Vivobook S 14,Pro,Grey,32GB / 1TB SSD,108000,4.4,2706,In Stock,Portability; coding; productivity,14-inch OLED-class display; modern processors,12,"Demo catalog entry; price/stock are indicative, not live marketplace data."
LA0290,Laptop,ASUS,Vivobook S 14,Pro,Silver,32GB / 2TB SSD,108000,4.4,2843,Demo SKU,Portability; coding; productivity,14-inch OLED-class display; modern processors,12,"Demo catalog entry; price/stock are indicative, not live marketplace data."
LA0291,Laptop,ASUS,Zenbook 14 OLED,Base,Silver,16GB / 512GB SSD,100000,4.5,2980,In Stock,Premium portability; coding,14-inch OLED; Intel Core Ultra,12,"Demo catalog entry; price/stock are indicative, not live marketplace data."
LA0292,Laptop,ASUS,Zenbook 14 OLED,Base,Grey,16GB / 1TB SSD,100000,4.5,3117,In Stock,Premium portability; coding,14-inch OLED; Intel Core Ultra,12,"Demo catalog entry; price/stock are indicative, not live marketplace data."
LA0293,Laptop,ASUS,Zenbook 14 OLED,Creator,Blue,16GB / 1TB SSD,105000,4.5,3254,Limited Stock,Premium portability; coding,14-inch OLED; Intel Core Ultra,12,"Demo catalog entry; price/stock are indicative, not live marketplace data."
LA0294,Laptop,ASUS,Zenbook 14 OLED,Pro,Grey,32GB / 1TB SSD,120000,4.5,3391,In Stock,Premium portability; coding,14-inch OLED; Intel Core Ultra,12,"Demo catalog entry; price/stock are indicative, not live marketplace data."
LA0295,Laptop,ASUS,Zenbook 14 OLED,Pro,Silver,32GB / 2TB SSD,120000,4.5,3528,Demo SKU,Premium portability; coding,14-inch OLED; Intel Core Ultra,12,"Demo catalog entry; price/stock are indicative, not live marketplace data."
LA0296,Laptop,ASUS,TUF Gaming A15,Base,Silver,16GB / 512GB SSD,95000,4.5,3665,In Stock,Gaming; AI/ML; heavy workloads,15.6-inch high-refresh; Ryzen; RTX variants,12,"Demo catalog entry; price/stock are indicative, not live marketplace data."
LA0297,Laptop,ASUS,TUF Gaming A15,Base,Grey,16GB / 1TB SSD,95000,4.5,3802,In Stock,Gaming; AI/ML; heavy workloads,15.6-inch high-refresh; Ryzen; RTX variants,12,"Demo catalog entry; price/stock are indicative, not live marketplace data."
LA0298,Laptop,ASUS,TUF Gaming A15,Creator,Blue,16GB / 1TB SSD,99700,4.5,3939,Limited Stock,Gaming; AI/ML; heavy workloads,15.6-inch high-refresh; Ryzen; RTX variants,12,"Demo catalog entry; price/stock are indicative, not live marketplace data."
LA0299,Laptop,ASUS,TUF Gaming A15,Pro,Grey,32GB / 1TB SSD,114000,4.5,4076,In Stock,Gaming; AI/ML; heavy workloads,15.6-inch high-refresh; Ryzen; RTX variants,12,"Demo catalog entry; price/stock are indicative, not live marketplace data."
LA0300,Laptop,ASUS,TUF Gaming A15,Pro,Silver,32GB / 2TB SSD,114000,4.5,4213,Demo SKU,Gaming; AI/ML; heavy workloads,15.6-inch high-refresh; Ryzen; RTX variants,12,"Demo catalog entry; price/stock are indicative, not live marketplace data."
LA0301,Laptop,ASUS,ROG Zephyrus G14,Base,Silver,16GB / 512GB SSD,150000,4.6,4350,In Stock,Gaming; AI/ML; portability,14-inch high-refresh; Ryzen; RTX variants,12,"Demo catalog entry; price/stock are indicative, not live marketplace data."
LA0302,Laptop,ASUS,ROG Zephyrus G14,Base,Grey,16GB / 1TB SSD,150000,4.6,4487,In Stock,Gaming; AI/ML; portability,14-inch high-refresh; Ryzen; RTX variants,12,"Demo catalog entry; price/stock are indicative, not live marketplace data."
LA0303,Laptop,ASUS,ROG Zephyrus G14,Creator,Blue,16GB / 1TB SSD,157500,4.6,4624,Limited Stock,Gaming; AI/ML; portability,14-inch high-refresh; Ryzen; RTX variants,12,"Demo catalog entry; price/stock are indicative, not live marketplace data."
LA0304,Laptop,ASUS,ROG Zephyrus G14,Pro,Grey,32GB / 1TB SSD,180000,4.6,4761,In Stock,Gaming; AI/ML; portability,14-inch high-refresh; Ryzen; RTX variants,12,"Demo catalog entry; price/stock are indicative, not live marketplace data."
LA0305,Laptop,ASUS,ROG Zephyrus G14,Pro,Silver,32GB / 2TB SSD,180000,4.6,4898,Demo SKU,Gaming; AI/ML; portability,14-inch high-refresh; Ryzen; RTX variants,12,"Demo catalog entry; price/stock are indicative, not live marketplace data."
LA0306,Laptop,Acer,Aspire Lite 15,Base,Silver,16GB / 512GB SSD,45000,4.2,5035,In Stock,Budget productivity; college,15.6-inch FHD; Intel Core; SSD,12,"Demo catalog entry; price/stock are indicative, not live marketplace data."
LA0307,Laptop,Acer,Aspire Lite 15,Base,Grey,16GB / 1TB SSD,45000,4.2,5172,In Stock,Budget productivity; college,15.6-inch FHD; Intel Core; SSD,12,"Demo catalog entry; price/stock are indicative, not live marketplace data."
LA0308,Laptop,Acer,Aspire Lite 15,Creator,Blue,16GB / 1TB SSD,47200,4.2,5309,Limited Stock,Budget productivity; college,15.6-inch FHD; Intel Core; SSD,12,"Demo catalog entry; price/stock are indicative, not live marketplace data."
LA0309,Laptop,Acer,Aspire Lite 15,Pro,Grey,32GB / 1TB SSD,54000,4.2,5446,In Stock,Budget productivity; college,15.6-inch FHD; Intel Core; SSD,12,"Demo catalog entry; price/stock are indicative, not live marketplace data."
LA0310,Laptop,Acer,Aspire Lite 15,Pro,Silver,32GB / 2TB SSD,54000,4.2,5583,Demo SKU,Budget productivity; college,15.6-inch FHD; Intel Core; SSD,12,"Demo catalog entry; price/stock are indicative, not live marketplace data."
LA0311,Laptop,Acer,Swift Go 14,Base,Silver,16GB / 512GB SSD,80000,4.4,5720,In Stock,Portability; coding; office,14-inch OLED-class display; Intel Core Ultra,12,"Demo catalog entry; price/stock are indicative, not live marketplace data."
LA0312,Laptop,Acer,Swift Go 14,Base,Grey,16GB / 1TB SSD,80000,4.4,5857,In Stock,Portability; coding; office,14-inch OLED-class display; Intel Core Ultra,12,"Demo catalog entry; price/stock are indicative, not live marketplace data."
LA0313,Laptop,Acer,Swift Go 14,Creator,Blue,16GB / 1TB SSD,84000,4.4,5994,Limited Stock,Portability; coding; office,14-inch OLED-class display; Intel Core Ultra,12,"Demo catalog entry; price/stock are indicative, not live marketplace data."
LA0314,Laptop,Acer,Swift Go 14,Pro,Grey,32GB / 1TB SSD,96000,4.4,6131,In Stock,Portability; coding; office,14-inch OLED-class display; Intel Core Ultra,12,"Demo catalog entry; price/stock are indicative, not live marketplace data."
LA0315,Laptop,Acer,Swift Go 14,Pro,Silver,32GB / 2TB SSD,96000,4.4,6268,Demo SKU,Portability; coding; office,14-inch OLED-class display; Intel Core Ultra,12,"Demo catalog entry; price/stock are indicative, not live marketplace data."
LA0316,Laptop,Acer,Nitro V 15,Base,Silver,16GB / 512GB SSD,80000,4.4,6405,In Stock,Gaming; coding; GPU workloads,15.6-inch high-refresh; RTX graphics variants,12,"Demo catalog entry; price/stock are indicative, not live marketplace data."
LA0317,Laptop,Acer,Nitro V 15,Base,Grey,16GB / 1TB SSD,80000,4.4,6542,In Stock,Gaming; coding; GPU workloads,15.6-inch high-refresh; RTX graphics variants,12,"Demo catalog entry; price/stock are indicative, not live marketplace data."
LA0318,Laptop,Acer,Nitro V 15,Creator,Blue,16GB / 1TB SSD,84000,4.4,6679,Limited Stock,Gaming; coding; GPU workloads,15.6-inch high-refresh; RTX graphics variants,12,"Demo catalog entry; price/stock are indicative, not live marketplace data."
LA0319,Laptop,Acer,Nitro V 15,Pro,Grey,32GB / 1TB SSD,96000,4.4,6816,In Stock,Gaming; coding; GPU workloads,15.6-inch high-refresh; RTX graphics variants,12,"Demo catalog entry; price/stock are indicative, not live marketplace data."
LA0320,Laptop,Acer,Nitro V 15,Pro,Silver,32GB / 2TB SSD,96000,4.4,6953,Demo SKU,Gaming; coding; GPU workloads,15.6-inch high-refresh; RTX graphics variants,12,"Demo catalog entry; price/stock are indicative, not live marketplace data."
LA0321,Laptop,MSI,Thin 15,Base,Silver,16GB / 512GB SSD,70000,4.2,7090,In Stock,Entry gaming; GPU workloads,15.6-inch high-refresh; RTX variants,12,"Demo catalog entry; price/stock are indicative, not live marketplace data."
LA0322,Laptop,MSI,Thin 15,Base,Grey,16GB / 1TB SSD,70000,4.2,7227,In Stock,Entry gaming; GPU workloads,15.6-inch high-refresh; RTX variants,12,"Demo catalog entry; price/stock are indicative, not live marketplace data."
LA0323,Laptop,MSI,Thin 15,Creator,Blue,16GB / 1TB SSD,73500,4.2,7364,Limited Stock,Entry gaming; GPU workloads,15.6-inch high-refresh; RTX variants,12,"Demo catalog entry; price/stock are indicative, not live marketplace data."
LA0324,Laptop,MSI,Thin 15,Pro,Grey,32GB / 1TB SSD,84000,4.2,7501,In Stock,Entry gaming; GPU workloads,15.6-inch high-refresh; RTX variants,12,"Demo catalog entry; price/stock are indicative, not live marketplace data."
LA0325,Laptop,MSI,Thin 15,Pro,Silver,32GB / 2TB SSD,84000,4.2,7638,Demo SKU,Entry gaming; GPU workloads,15.6-inch high-refresh; RTX variants,12,"Demo catalog entry; price/stock are indicative, not live marketplace data."
LA0326,Laptop,MSI,Katana 15,Base,Silver,16GB / 512GB SSD,95000,4.3,7775,In Stock,Gaming; AI/ML; heavy workloads,15.6-inch high-refresh; RTX variants,12,"Demo catalog entry; price/stock are indicative, not live marketplace data."
LA0327,Laptop,MSI,Katana 15,Base,Grey,16GB / 1TB SSD,95000,4.3,7912,In Stock,Gaming; AI/ML; heavy workloads,15.6-inch high-refresh; RTX variants,12,"Demo catalog entry; price/stock are indicative, not live marketplace data."
LA0328,Laptop,MSI,Katana 15,Creator,Blue,16GB / 1TB SSD,99700,4.3,8049,Limited Stock,Gaming; AI/ML; heavy workloads,15.6-inch high-refresh; RTX variants,12,"Demo catalog entry; price/stock are indicative, not live marketplace data."
LA0329,Laptop,MSI,Katana 15,Pro,Grey,32GB / 1TB SSD,114000,4.3,8186,In Stock,Gaming; AI/ML; heavy workloads,15.6-inch high-refresh; RTX variants,12,"Demo catalog entry; price/stock are indicative, not live marketplace data."
LA0330,Laptop,MSI,Katana 15,Pro,Silver,32GB / 2TB SSD,114000,4.3,8323,Demo SKU,Gaming; AI/ML; heavy workloads,15.6-inch high-refresh; RTX variants,12,"Demo catalog entry; price/stock are indicative, not live marketplace data."
LA0331,Laptop,Microsoft,Surface Laptop 7,Base,Silver,16GB / 512GB SSD,110000,4.3,8460,In Stock,Portability; office; coding,Snapdragon X series; PixelSense display,12,"Demo catalog entry; price/stock are indicative, not live marketplace data."
LA0332,Laptop,Microsoft,Surface Laptop 7,Base,Grey,16GB / 1TB SSD,110000,4.3,8597,In Stock,Portability; office; coding,Snapdragon X series; PixelSense display,12,"Demo catalog entry; price/stock are indicative, not live marketplace data."
LA0333,Laptop,Microsoft,Surface Laptop 7,Creator,Blue,16GB / 1TB SSD,115500,4.3,8734,Limited Stock,Portability; office; coding,Snapdragon X series; PixelSense display,12,"Demo catalog entry; price/stock are indicative, not live marketplace data."
LA0334,Laptop,Microsoft,Surface Laptop 7,Pro,Grey,32GB / 1TB SSD,132000,4.3,8871,In Stock,Portability; office; coding,Snapdragon X series; PixelSense display,12,"Demo catalog entry; price/stock are indicative, not live marketplace data."
LA0335,Laptop,Microsoft,Surface Laptop 7,Pro,Silver,32GB / 2TB SSD,132000,4.3,9008,Demo SKU,Portability; office; coding,Snapdragon X series; PixelSense display,12,"Demo catalog entry; price/stock are indicative, not live marketplace data."
LA0336,Laptop,Samsung,Galaxy Book5 Pro,Base,Silver,16GB / 512GB SSD,140000,4.4,9145,In Stock,Premium portability; productivity,AMOLED; modern Intel Core Ultra platform,12,"Demo catalog entry; price/stock are indicative, not live marketplace data."
LA0337,Laptop,Samsung,Galaxy Book5 Pro,Base,Grey,16GB / 1TB SSD,140000,4.4,9282,In Stock,Premium portability; productivity,AMOLED; modern Intel Core Ultra platform,12,"Demo catalog entry; price/stock are indicative, not live marketplace data."
LA0338,Laptop,Samsung,Galaxy Book5 Pro,Creator,Blue,16GB / 1TB SSD,147000,4.4,9419,Limited Stock,Premium portability; productivity,AMOLED; modern Intel Core Ultra platform,12,"Demo catalog entry; price/stock are indicative, not live marketplace data."
LA0339,Laptop,Samsung,Galaxy Book5 Pro,Pro,Grey,32GB / 1TB SSD,168000,4.4,9556,In Stock,Premium portability; productivity,AMOLED; modern Intel Core Ultra platform,12,"Demo catalog entry; price/stock are indicative, not live marketplace data."
LA0340,Laptop,Samsung,Galaxy Book5 Pro,Pro,Silver,32GB / 2TB SSD,168000,4.4,9693,Demo SKU,Premium portability; productivity,AMOLED; modern Intel Core Ultra platform,12,"Demo catalog entry; price/stock are indicative, not live marketplace data."
SH0341,Shoes,Nike,Air Max 270,Standard,Black,UK 7,14000,4.5,9830,In Stock,Lifestyle; casual wear,Max Air cushioning; lifestyle sneaker,3,"Demo catalog entry; price/stock are indicative, not live marketplace data."
SH0342,Shoes,Nike,Air Max 270,Standard,White,UK 8,14000,4.5,9967,In Stock,Lifestyle; casual wear,Max Air cushioning; lifestyle sneaker,3,"Demo catalog entry; price/stock are indicative, not live marketplace data."
SH0343,Shoes,Nike,Air Max 270,Standard,Grey,UK 9,14000,4.5,10104,Limited Stock,Lifestyle; casual wear,Max Air cushioning; lifestyle sneaker,3,"Demo catalog entry; price/stock are indicative, not live marketplace data."
SH0344,Shoes,Nike,Air Max 270,Wide,Black,UK 10,14400,4.5,10241,In Stock,Lifestyle; casual wear,Max Air cushioning; lifestyle sneaker,3,"Demo catalog entry; price/stock are indicative, not live marketplace data."
SH0345,Shoes,Nike,Air Max 270,Premium,White,UK 11,14700,4.5,10378,Demo SKU,Lifestyle; casual wear,Max Air cushioning; lifestyle sneaker,3,"Demo catalog entry; price/stock are indicative, not live marketplace data."
SH0346,Shoes,Nike,Air Force 1 '07,Standard,Black,UK 7,11900,4.6,10515,In Stock,Lifestyle; casual wear,Classic leather lifestyle sneaker,3,"Demo catalog entry; price/stock are indicative, not live marketplace data."
SH0347,Shoes,Nike,Air Force 1 '07,Standard,White,UK 8,11900,4.6,10652,In Stock,Lifestyle; casual wear,Classic leather lifestyle sneaker,3,"Demo catalog entry; price/stock are indicative, not live marketplace data."
SH0348,Shoes,Nike,Air Force 1 '07,Standard,Grey,UK 9,11900,4.6,10789,Limited Stock,Lifestyle; casual wear,Classic leather lifestyle sneaker,3,"Demo catalog entry; price/stock are indicative, not live marketplace data."
SH0349,Shoes,Nike,Air Force 1 '07,Wide,Black,UK 10,12300,4.6,10926,In Stock,Lifestyle; casual wear,Classic leather lifestyle sneaker,3,"Demo catalog entry; price/stock are indicative, not live marketplace data."
SH0350,Shoes,Nike,Air Force 1 '07,Premium,White,UK 11,12500,4.6,11063,Demo SKU,Lifestyle; casual wear,Classic leather lifestyle sneaker,3,"Demo catalog entry; price/stock are indicative, not live marketplace data."
SH0351,Shoes,Nike,Dunk Low,Standard,Black,UK 7,8700,4.6,11200,In Stock,Lifestyle; casual wear,Low-top lifestyle sneaker,3,"Demo catalog entry; price/stock are indicative, not live marketplace data."
SH0352,Shoes,Nike,Dunk Low,Standard,White,UK 8,8700,4.6,11337,In Stock,Lifestyle; casual wear,Low-top lifestyle sneaker,3,"Demo catalog entry; price/stock are indicative, not live marketplace data."
SH0353,Shoes,Nike,Dunk Low,Standard,Grey,UK 9,8700,4.6,11474,Limited Stock,Lifestyle; casual wear,Low-top lifestyle sneaker,3,"Demo catalog entry; price/stock are indicative, not live marketplace data."
SH0354,Shoes,Nike,Dunk Low,Wide,Black,UK 10,9000,4.6,11611,In Stock,Lifestyle; casual wear,Low-top lifestyle sneaker,3,"Demo catalog entry; price/stock are indicative, not live marketplace data."
SH0355,Shoes,Nike,Dunk Low,Premium,White,UK 11,9100,4.6,11748,Demo SKU,Lifestyle; casual wear,Low-top lifestyle sneaker,3,"Demo catalog entry; price/stock are indicative, not live marketplace data."
SH0356,Shoes,Nike,Revolution 7,Standard,Black,UK 7,5000,4.4,11885,In Stock,Beginner running; walking; gym,Lightweight trainer; cushioned setup,3,"Demo catalog entry; price/stock are indicative, not live marketplace data."
SH0357,Shoes,Nike,Revolution 7,Standard,White,UK 8,5000,4.4,12022,In Stock,Beginner running; walking; gym,Lightweight trainer; cushioned setup,3,"Demo catalog entry; price/stock are indicative, not live marketplace data."
SH0358,Shoes,Nike,Revolution 7,Standard,Grey,UK 9,5000,4.4,12159,Limited Stock,Beginner running; walking; gym,Lightweight trainer; cushioned setup,3,"Demo catalog entry; price/stock are indicative, not live marketplace data."
SH0359,Shoes,Nike,Revolution 7,Wide,Black,UK 10,5100,4.4,12296,In Stock,Beginner running; walking; gym,Lightweight trainer; cushioned setup,3,"Demo catalog entry; price/stock are indicative, not live marketplace data."
SH0360,Shoes,Nike,Revolution 7,Premium,White,UK 11,5200,4.4,12433,Demo SKU,Beginner running; walking; gym,Lightweight trainer; cushioned setup,3,"Demo catalog entry; price/stock are indicative, not live marketplace data."
SH0361,Shoes,Nike,Pegasus 41,Standard,Black,UK 7,12000,4.5,12570,In Stock,Road running; daily training,Responsive cushioning; road-running design,3,"Demo catalog entry; price/stock are indicative, not live marketplace data."
SH0362,Shoes,Nike,Pegasus 41,Standard,White,UK 8,12000,4.5,12707,In Stock,Road running; daily training,Responsive cushioning; road-running design,3,"Demo catalog entry; price/stock are indicative, not live marketplace data."
SH0363,Shoes,Nike,Pegasus 41,Standard,Grey,UK 9,12000,4.5,12844,Limited Stock,Road running; daily training,Responsive cushioning; road-running design,3,"Demo catalog entry; price/stock are indicative, not live marketplace data."
SH0364,Shoes,Nike,Pegasus 41,Wide,Black,UK 10,12400,4.5,12981,In Stock,Road running; daily training,Responsive cushioning; road-running design,3,"Demo catalog entry; price/stock are indicative, not live marketplace data."
SH0365,Shoes,Nike,Pegasus 41,Premium,White,UK 11,12600,4.5,13118,Demo SKU,Road running; daily training,Responsive cushioning; road-running design,3,"Demo catalog entry; price/stock are indicative, not live marketplace data."
SH0366,Shoes,Nike,Vomero 18,Standard,Black,UK 7,15000,4.5,13255,In Stock,Comfort running; daily mileage,High-cushion running setup,3,"Demo catalog entry; price/stock are indicative, not live marketplace data."
SH0367,Shoes,Nike,Vomero 18,Standard,White,UK 8,15000,4.5,13392,In Stock,Comfort running; daily mileage,High-cushion running setup,3,"Demo catalog entry; price/stock are indicative, not live marketplace data."
SH0368,Shoes,Nike,Vomero 18,Standard,Grey,UK 9,15000,4.5,13529,Limited Stock,Comfort running; daily mileage,High-cushion running setup,3,"Demo catalog entry; price/stock are indicative, not live marketplace data."
SH0369,Shoes,Nike,Vomero 18,Wide,Black,UK 10,15400,4.5,13666,In Stock,Comfort running; daily mileage,High-cushion running setup,3,"Demo catalog entry; price/stock are indicative, not live marketplace data."
SH0370,Shoes,Nike,Vomero 18,Premium,White,UK 11,15700,4.5,13803,Demo SKU,Comfort running; daily mileage,High-cushion running setup,3,"Demo catalog entry; price/stock are indicative, not live marketplace data."
SH0371,Shoes,Nike,Structure 25,Standard,Black,UK 7,13000,4.4,13940,In Stock,Supportive running; stability,Stability-oriented running design,3,"Demo catalog entry; price/stock are indicative, not live marketplace data."
SH0372,Shoes,Nike,Structure 25,Standard,White,UK 8,13000,4.4,14077,In Stock,Supportive running; stability,Stability-oriented running design,3,"Demo catalog entry; price/stock are indicative, not live marketplace data."
SH0373,Shoes,Nike,Structure 25,Standard,Grey,UK 9,13000,4.4,14214,Limited Stock,Supportive running; stability,Stability-oriented running design,3,"Demo catalog entry; price/stock are indicative, not live marketplace data."
SH0374,Shoes,Nike,Structure 25,Wide,Black,UK 10,13400,4.4,14351,In Stock,Supportive running; stability,Stability-oriented running design,3,"Demo catalog entry; price/stock are indicative, not live marketplace data."
SH0375,Shoes,Nike,Structure 25,Premium,White,UK 11,13600,4.4,14488,Demo SKU,Supportive running; stability,Stability-oriented running design,3,"Demo catalog entry; price/stock are indicative, not live marketplace data."
SH0376,Shoes,adidas,Ultraboost 5,Standard,Black,UK 7,12600,4.4,14625,In Stock,Running; walking; daily training,Boost cushioning; running shoe construction,3,"Demo catalog entry; price/stock are indicative, not live marketplace data."
SH0377,Shoes,adidas,Ultraboost 5,Standard,White,UK 8,12600,4.4,14762,In Stock,Running; walking; daily training,Boost cushioning; running shoe construction,3,"Demo catalog entry; price/stock are indicative, not live marketplace data."
SH0378,Shoes,adidas,Ultraboost 5,Standard,Grey,UK 9,12600,4.4,14899,Limited Stock,Running; walking; daily training,Boost cushioning; running shoe construction,3,"Demo catalog entry; price/stock are indicative, not live marketplace data."
SH0379,Shoes,adidas,Ultraboost 5,Wide,Black,UK 10,13000,4.4,15036,In Stock,Running; walking; daily training,Boost cushioning; running shoe construction,3,"Demo catalog entry; price/stock are indicative, not live marketplace data."
SH0380,Shoes,adidas,Ultraboost 5,Premium,White,UK 11,13200,4.4,15173,Demo SKU,Running; walking; daily training,Boost cushioning; running shoe construction,3,"Demo catalog entry; price/stock are indicative, not live marketplace data."
SH0381,Shoes,adidas,Duramo Speed 2,Standard,Black,UK 7,8000,4.3,15310,In Stock,Running; gym; daily training,Lightweight running build; cushioned midsole,3,"Demo catalog entry; price/stock are indicative, not live marketplace data."
SH0382,Shoes,adidas,Duramo Speed 2,Standard,White,UK 8,8000,4.3,15447,In Stock,Running; gym; daily training,Lightweight running build; cushioned midsole,3,"Demo catalog entry; price/stock are indicative, not live marketplace data."
SH0383,Shoes,adidas,Duramo Speed 2,Standard,Grey,UK 9,8000,4.3,15584,Limited Stock,Running; gym; daily training,Lightweight running build; cushioned midsole,3,"Demo catalog entry; price/stock are indicative, not live marketplace data."
SH0384,Shoes,adidas,Duramo Speed 2,Wide,Black,UK 10,8200,4.3,15721,In Stock,Running; gym; daily training,Lightweight running build; cushioned midsole,3,"Demo catalog entry; price/stock are indicative, not live marketplace data."
SH0385,Shoes,adidas,Duramo Speed 2,Premium,White,UK 11,8400,4.3,15858,Demo SKU,Running; gym; daily training,Lightweight running build; cushioned midsole,3,"Demo catalog entry; price/stock are indicative, not live marketplace data."
SH0386,Shoes,adidas,Runfalcon 5,Standard,Black,UK 7,4500,4.3,15995,In Stock,Walking; beginner running; daily wear,Lightweight trainer; cushioned midsole,3,"Demo catalog entry; price/stock are indicative, not live marketplace data."
SH0387,Shoes,adidas,Runfalcon 5,Standard,White,UK 8,4500,4.3,16132,In Stock,Walking; beginner running; daily wear,Lightweight trainer; cushioned midsole,3,"Demo catalog entry; price/stock are indicative, not live marketplace data."
SH0388,Shoes,adidas,Runfalcon 5,Standard,Grey,UK 9,4500,4.3,16269,Limited Stock,Walking; beginner running; daily wear,Lightweight trainer; cushioned midsole,3,"Demo catalog entry; price/stock are indicative, not live marketplace data."
SH0389,Shoes,adidas,Runfalcon 5,Wide,Black,UK 10,4600,4.3,16406,In Stock,Walking; beginner running; daily wear,Lightweight trainer; cushioned midsole,3,"Demo catalog entry; price/stock are indicative, not live marketplace data."
SH0390,Shoes,adidas,Runfalcon 5,Premium,White,UK 11,4700,4.3,16543,Demo SKU,Walking; beginner running; daily wear,Lightweight trainer; cushioned midsole,3,"Demo catalog entry; price/stock are indicative, not live marketplace data."
SH0391,Shoes,adidas,Superstar,Standard,Black,UK 7,9000,4.5,16680,In Stock,Lifestyle; casual wear,Classic shell-toe lifestyle sneaker,3,"Demo catalog entry; price/stock are indicative, not live marketplace data."
SH0392,Shoes,adidas,Superstar,Standard,White,UK 8,9000,4.5,16817,In Stock,Lifestyle; casual wear,Classic shell-toe lifestyle sneaker,3,"Demo catalog entry; price/stock are indicative, not live marketplace data."
SH0393,Shoes,adidas,Superstar,Standard,Grey,UK 9,9000,4.5,16954,Limited Stock,Lifestyle; casual wear,Classic shell-toe lifestyle sneaker,3,"Demo catalog entry; price/stock are indicative, not live marketplace data."
SH0394,Shoes,adidas,Superstar,Wide,Black,UK 10,9300,4.5,17091,In Stock,Lifestyle; casual wear,Classic shell-toe lifestyle sneaker,3,"Demo catalog entry; price/stock are indicative, not live marketplace data."
SH0395,Shoes,adidas,Superstar,Premium,White,UK 11,9400,4.5,17228,Demo SKU,Lifestyle; casual wear,Classic shell-toe lifestyle sneaker,3,"Demo catalog entry; price/stock are indicative, not live marketplace data."
SH0396,Shoes,adidas,Stan Smith,Standard,Black,UK 7,9000,4.5,17365,In Stock,Lifestyle; casual wear,Low-profile classic tennis-inspired sneaker,3,"Demo catalog entry; price/stock are indicative, not live marketplace data."
SH0397,Shoes,adidas,Stan Smith,Standard,White,UK 8,9000,4.5,17502,In Stock,Lifestyle; casual wear,Low-profile classic tennis-inspired sneaker,3,"Demo catalog entry; price/stock are indicative, not live marketplace data."
SH0398,Shoes,adidas,Stan Smith,Standard,Grey,UK 9,9000,4.5,17639,Limited Stock,Lifestyle; casual wear,Low-profile classic tennis-inspired sneaker,3,"Demo catalog entry; price/stock are indicative, not live marketplace data."
SH0399,Shoes,adidas,Stan Smith,Wide,Black,UK 10,9300,4.5,17776,In Stock,Lifestyle; casual wear,Low-profile classic tennis-inspired sneaker,3,"Demo catalog entry; price/stock are indicative, not live marketplace data."
SH0400,Shoes,adidas,Stan Smith,Premium,White,UK 11,9400,4.5,17913,Demo SKU,Lifestyle; casual wear,Low-profile classic tennis-inspired sneaker,3,"Demo catalog entry; price/stock are indicative, not live marketplace data."
SH0401,Shoes,adidas,Response Super,Standard,Black,UK 7,7000,4.3,18050,In Stock,Daily running; training,Running-oriented cushioning and support,3,"Demo catalog entry; price/stock are indicative, not live marketplace data."
SH0402,Shoes,adidas,Response Super,Standard,White,UK 8,7000,4.3,18187,In Stock,Daily running; training,Running-oriented cushioning and support,3,"Demo catalog entry; price/stock are indicative, not live marketplace data."
SH0403,Shoes,adidas,Response Super,Standard,Grey,UK 9,7000,4.3,18324,Limited Stock,Daily running; training,Running-oriented cushioning and support,3,"Demo catalog entry; price/stock are indicative, not live marketplace data."
SH0404,Shoes,adidas,Response Super,Wide,Black,UK 10,7200,4.3,18461,In Stock,Daily running; training,Running-oriented cushioning and support,3,"Demo catalog entry; price/stock are indicative, not live marketplace data."
SH0405,Shoes,adidas,Response Super,Premium,White,UK 11,7300,4.3,18598,Demo SKU,Daily running; training,Running-oriented cushioning and support,3,"Demo catalog entry; price/stock are indicative, not live marketplace data."
SH0406,Shoes,ASICS,Gel-Kayano 31,Standard,Black,UK 7,16000,4.6,18735,In Stock,Supportive running; stability,Stability running shoe; GEL cushioning,3,"Demo catalog entry; price/stock are indicative, not live marketplace data."
SH0407,Shoes,ASICS,Gel-Kayano 31,Standard,White,UK 8,16000,4.6,372,In Stock,Supportive running; stability,Stability running shoe; GEL cushioning,3,"Demo catalog entry; price/stock are indicative, not live marketplace data."
SH0408,Shoes,ASICS,Gel-Kayano 31,Standard,Grey,UK 9,16000,4.6,509,Limited Stock,Supportive running; stability,Stability running shoe; GEL cushioning,3,"Demo catalog entry; price/stock are indicative, not live marketplace data."
SH0409,Shoes,ASICS,Gel-Kayano 31,Wide,Black,UK 10,16500,4.6,646,In Stock,Supportive running; stability,Stability running shoe; GEL cushioning,3,"Demo catalog entry; price/stock are indicative, not live marketplace data."
SH0410,Shoes,ASICS,Gel-Kayano 31,Premium,White,UK 11,16800,4.6,783,Demo SKU,Supportive running; stability,Stability running shoe; GEL cushioning,3,"Demo catalog entry; price/stock are indicative, not live marketplace data."
SH0411,Shoes,ASICS,Gel-Nimbus 27,Standard,Black,UK 7,17000,4.6,920,In Stock,High-cushion running; daily mileage,Max-cushion running setup; GEL technology,3,"Demo catalog entry; price/stock are indicative, not live marketplace data."
SH0412,Shoes,ASICS,Gel-Nimbus 27,Standard,White,UK 8,17000,4.6,1057,In Stock,High-cushion running; daily mileage,Max-cushion running setup; GEL technology,3,"Demo catalog entry; price/stock are indicative, not live marketplace data."
SH0413,Shoes,ASICS,Gel-Nimbus 27,Standard,Grey,UK 9,17000,4.6,1194,Limited Stock,High-cushion running; daily mileage,Max-cushion running setup; GEL technology,3,"Demo catalog entry; price/stock are indicative, not live marketplace data."
SH0414,Shoes,ASICS,Gel-Nimbus 27,Wide,Black,UK 10,17500,4.6,1331,In Stock,High-cushion running; daily mileage,Max-cushion running setup; GEL technology,3,"Demo catalog entry; price/stock are indicative, not live marketplace data."
SH0415,Shoes,ASICS,Gel-Nimbus 27,Premium,White,UK 11,17800,4.6,1468,Demo SKU,High-cushion running; daily mileage,Max-cushion running setup; GEL technology,3,"Demo catalog entry; price/stock are indicative, not live marketplace data."
SH0416,Shoes,ASICS,Gel-Cumulus 26,Standard,Black,UK 7,14000,4.5,1605,In Stock,Daily running; training,Balanced cushioning; neutral running,3,"Demo catalog entry; price/stock are indicative, not live marketplace data."
SH0417,Shoes,ASICS,Gel-Cumulus 26,Standard,White,UK 8,14000,4.5,1742,In Stock,Daily running; training,Balanced cushioning; neutral running,3,"Demo catalog entry; price/stock are indicative, not live marketplace data."
SH0418,Shoes,ASICS,Gel-Cumulus 26,Standard,Grey,UK 9,14000,4.5,1879,Limited Stock,Daily running; training,Balanced cushioning; neutral running,3,"Demo catalog entry; price/stock are indicative, not live marketplace data."
SH0419,Shoes,ASICS,Gel-Cumulus 26,Wide,Black,UK 10,14400,4.5,2016,In Stock,Daily running; training,Balanced cushioning; neutral running,3,"Demo catalog entry; price/stock are indicative, not live marketplace data."
SH0420,Shoes,ASICS,Gel-Cumulus 26,Premium,White,UK 11,14700,4.5,2153,Demo SKU,Daily running; training,Balanced cushioning; neutral running,3,"Demo catalog entry; price/stock are indicative, not live marketplace data."
SH0421,Shoes,ASICS,Gel-Contend 9,Standard,Black,UK 7,5500,4.4,2290,In Stock,Walking; beginner running; gym,GEL cushioning; everyday trainer,3,"Demo catalog entry; price/stock are indicative, not live marketplace data."
SH0422,Shoes,ASICS,Gel-Contend 9,Standard,White,UK 8,5500,4.4,2427,In Stock,Walking; beginner running; gym,GEL cushioning; everyday trainer,3,"Demo catalog entry; price/stock are indicative, not live marketplace data."
SH0423,Shoes,ASICS,Gel-Contend 9,Standard,Grey,UK 9,5500,4.4,2564,Limited Stock,Walking; beginner running; gym,GEL cushioning; everyday trainer,3,"Demo catalog entry; price/stock are indicative, not live marketplace data."
SH0424,Shoes,ASICS,Gel-Contend 9,Wide,Black,UK 10,5700,4.4,2701,In Stock,Walking; beginner running; gym,GEL cushioning; everyday trainer,3,"Demo catalog entry; price/stock are indicative, not live marketplace data."
SH0425,Shoes,ASICS,Gel-Contend 9,Premium,White,UK 11,5800,4.4,2838,Demo SKU,Walking; beginner running; gym,GEL cushioning; everyday trainer,3,"Demo catalog entry; price/stock are indicative, not live marketplace data."
SH0426,Shoes,ASICS,Novablast 5,Standard,Black,UK 7,14000,4.5,2975,In Stock,Tempo runs; daily training,Responsive foam; neutral running,3,"Demo catalog entry; price/stock are indicative, not live marketplace data."
SH0427,Shoes,ASICS,Novablast 5,Standard,White,UK 8,14000,4.5,3112,In Stock,Tempo runs; daily training,Responsive foam; neutral running,3,"Demo catalog entry; price/stock are indicative, not live marketplace data."
SH0428,Shoes,ASICS,Novablast 5,Standard,Grey,UK 9,14000,4.5,3249,Limited Stock,Tempo runs; daily training,Responsive foam; neutral running,3,"Demo catalog entry; price/stock are indicative, not live marketplace data."
SH0429,Shoes,ASICS,Novablast 5,Wide,Black,UK 10,14400,4.5,3386,In Stock,Tempo runs; daily training,Responsive foam; neutral running,3,"Demo catalog entry; price/stock are indicative, not live marketplace data."
SH0430,Shoes,ASICS,Novablast 5,Premium,White,UK 11,14700,4.5,3523,Demo SKU,Tempo runs; daily training,Responsive foam; neutral running,3,"Demo catalog entry; price/stock are indicative, not live marketplace data."
SH0431,Shoes,Puma,Softride Enzo NXT,Standard,Black,UK 7,5000,4.3,3660,In Stock,Walking; gym; casual,Soft cushioning; everyday trainer design,3,"Demo catalog entry; price/stock are indicative, not live marketplace data."
SH0432,Shoes,Puma,Softride Enzo NXT,Standard,White,UK 8,5000,4.3,3797,In Stock,Walking; gym; casual,Soft cushioning; everyday trainer design,3,"Demo catalog entry; price/stock are indicative, not live marketplace data."
SH0433,Shoes,Puma,Softride Enzo NXT,Standard,Grey,UK 9,5000,4.3,3934,Limited Stock,Walking; gym; casual,Soft cushioning; everyday trainer design,3,"Demo catalog entry; price/stock are indicative, not live marketplace data."
SH0434,Shoes,Puma,Softride Enzo NXT,Wide,Black,UK 10,5100,4.3,4071,In Stock,Walking; gym; casual,Soft cushioning; everyday trainer design,3,"Demo catalog entry; price/stock are indicative, not live marketplace data."
SH0435,Shoes,Puma,Softride Enzo NXT,Premium,White,UK 11,5200,4.3,4208,Demo SKU,Walking; gym; casual,Soft cushioning; everyday trainer design,3,"Demo catalog entry; price/stock are indicative, not live marketplace data."
SH0436,Shoes,Puma,Velocity Nitro 3,Standard,Black,UK 7,9000,4.4,4345,In Stock,Running; daily training,NITRO foam; running shoe construction,3,"Demo catalog entry; price/stock are indicative, not live marketplace data."
SH0437,Shoes,Puma,Velocity Nitro 3,Standard,White,UK 8,9000,4.4,4482,In Stock,Running; daily training,NITRO foam; running shoe construction,3,"Demo catalog entry; price/stock are indicative, not live marketplace data."
SH0438,Shoes,Puma,Velocity Nitro 3,Standard,Grey,UK 9,9000,4.4,4619,Limited Stock,Running; daily training,NITRO foam; running shoe construction,3,"Demo catalog entry; price/stock are indicative, not live marketplace data."
SH0439,Shoes,Puma,Velocity Nitro 3,Wide,Black,UK 10,9300,4.4,4756,In Stock,Running; daily training,NITRO foam; running shoe construction,3,"Demo catalog entry; price/stock are indicative, not live marketplace data."
SH0440,Shoes,Puma,Velocity Nitro 3,Premium,White,UK 11,9400,4.4,4893,Demo SKU,Running; daily training,NITRO foam; running shoe construction,3,"Demo catalog entry; price/stock are indicative, not live marketplace data."
SH0441,Shoes,Puma,RS-X,Standard,Black,UK 7,10000,4.4,5030,In Stock,Lifestyle; casual wear,Chunky retro-inspired lifestyle sneaker,3,"Demo catalog entry; price/stock are indicative, not live marketplace data."
SH0442,Shoes,Puma,RS-X,Standard,White,UK 8,10000,4.4,5167,In Stock,Lifestyle; casual wear,Chunky retro-inspired lifestyle sneaker,3,"Demo catalog entry; price/stock are indicative, not live marketplace data."
SH0443,Shoes,Puma,RS-X,Standard,Grey,UK 9,10000,4.4,5304,Limited Stock,Lifestyle; casual wear,Chunky retro-inspired lifestyle sneaker,3,"Demo catalog entry; price/stock are indicative, not live marketplace data."
SH0444,Shoes,Puma,RS-X,Wide,Black,UK 10,10300,4.4,5441,In Stock,Lifestyle; casual wear,Chunky retro-inspired lifestyle sneaker,3,"Demo catalog entry; price/stock are indicative, not live marketplace data."
SH0445,Shoes,Puma,RS-X,Premium,White,UK 11,10500,4.4,5578,Demo SKU,Lifestyle; casual wear,Chunky retro-inspired lifestyle sneaker,3,"Demo catalog entry; price/stock are indicative, not live marketplace data."
SH0446,Shoes,Puma,Smashic Comfort,Standard,Black,UK 7,3500,4.2,5715,In Stock,Casual; everyday wear,Simple lifestyle sneaker,3,"Demo catalog entry; price/stock are indicative, not live marketplace data."
SH0447,Shoes,Puma,Smashic Comfort,Standard,White,UK 8,3500,4.2,5852,In Stock,Casual; everyday wear,Simple lifestyle sneaker,3,"Demo catalog entry; price/stock are indicative, not live marketplace data."
SH0448,Shoes,Puma,Smashic Comfort,Standard,Grey,UK 9,3500,4.2,5989,Limited Stock,Casual; everyday wear,Simple lifestyle sneaker,3,"Demo catalog entry; price/stock are indicative, not live marketplace data."
SH0449,Shoes,Puma,Smashic Comfort,Wide,Black,UK 10,3600,4.2,6126,In Stock,Casual; everyday wear,Simple lifestyle sneaker,3,"Demo catalog entry; price/stock are indicative, not live marketplace data."
SH0450,Shoes,Puma,Smashic Comfort,Premium,White,UK 11,3700,4.2,6263,Demo SKU,Casual; everyday wear,Simple lifestyle sneaker,3,"Demo catalog entry; price/stock are indicative, not live marketplace data."
SH0451,Shoes,New Balance,574,Standard,Black,UK 7,9000,4.6,6400,In Stock,Lifestyle; casual; everyday wear,Classic lifestyle silhouette; cushioned midsole,3,"Demo catalog entry; price/stock are indicative, not live marketplace data."
SH0452,Shoes,New Balance,574,Standard,White,UK 8,9000,4.6,6537,In Stock,Lifestyle; casual; everyday wear,Classic lifestyle silhouette; cushioned midsole,3,"Demo catalog entry; price/stock are indicative, not live marketplace data."
SH0453,Shoes,New Balance,574,Standard,Grey,UK 9,9000,4.6,6674,Limited Stock,Lifestyle; casual; everyday wear,Classic lifestyle silhouette; cushioned midsole,3,"Demo catalog entry; price/stock are indicative, not live marketplace data."
SH0454,Shoes,New Balance,574,Wide,Black,UK 10,9300,4.6,6811,In Stock,Lifestyle; casual; everyday wear,Classic lifestyle silhouette; cushioned midsole,3,"Demo catalog entry; price/stock are indicative, not live marketplace data."
SH0455,Shoes,New Balance,574,Premium,White,UK 11,9400,4.6,6948,Demo SKU,Lifestyle; casual; everyday wear,Classic lifestyle silhouette; cushioned midsole,3,"Demo catalog entry; price/stock are indicative, not live marketplace data."
SH0456,Shoes,New Balance,Fresh Foam X 1080 v14,Standard,Black,UK 7,17000,4.6,7085,In Stock,Long-distance running; daily training,Fresh Foam X cushioning; neutral runner,3,"Demo catalog entry; price/stock are indicative, not live marketplace data."
SH0457,Shoes,New Balance,Fresh Foam X 1080 v14,Standard,White,UK 8,17000,4.6,7222,In Stock,Long-distance running; daily training,Fresh Foam X cushioning; neutral runner,3,"Demo catalog entry; price/stock are indicative, not live marketplace data."
SH0458,Shoes,New Balance,Fresh Foam X 1080 v14,Standard,Grey,UK 9,17000,4.6,7359,Limited Stock,Long-distance running; daily training,Fresh Foam X cushioning; neutral runner,3,"Demo catalog entry; price/stock are indicative, not live marketplace data."
SH0459,Shoes,New Balance,Fresh Foam X 1080 v14,Wide,Black,UK 10,17500,4.6,7496,In Stock,Long-distance running; daily training,Fresh Foam X cushioning; neutral runner,3,"Demo catalog entry; price/stock are indicative, not live marketplace data."
SH0460,Shoes,New Balance,Fresh Foam X 1080 v14,Premium,White,UK 11,17800,4.6,7633,Demo SKU,Long-distance running; daily training,Fresh Foam X cushioning; neutral runner,3,"Demo catalog entry; price/stock are indicative, not live marketplace data."
SH0461,Shoes,New Balance,Fresh Foam Arishi v4,Standard,Black,UK 7,6000,4.3,7770,In Stock,Walking; light training,Fresh Foam cushioning; everyday trainer,3,"Demo catalog entry; price/stock are indicative, not live marketplace data."
SH0462,Shoes,New Balance,Fresh Foam Arishi v4,Standard,White,UK 8,6000,4.3,7907,In Stock,Walking; light training,Fresh Foam cushioning; everyday trainer,3,"Demo catalog entry; price/stock are indicative, not live marketplace data."
SH0463,Shoes,New Balance,Fresh Foam Arishi v4,Standard,Grey,UK 9,6000,4.3,8044,Limited Stock,Walking; light training,Fresh Foam cushioning; everyday trainer,3,"Demo catalog entry; price/stock are indicative, not live marketplace data."
SH0464,Shoes,New Balance,Fresh Foam Arishi v4,Wide,Black,UK 10,6200,4.3,8181,In Stock,Walking; light training,Fresh Foam cushioning; everyday trainer,3,"Demo catalog entry; price/stock are indicative, not live marketplace data."
SH0465,Shoes,New Balance,Fresh Foam Arishi v4,Premium,White,UK 11,6300,4.3,8318,Demo SKU,Walking; light training,Fresh Foam cushioning; everyday trainer,3,"Demo catalog entry; price/stock are indicative, not live marketplace data."
SH0466,Shoes,Reebok,Floatride Energy 5,Standard,Black,UK 7,8000,4.4,8455,In Stock,Running; daily training,Lightweight responsive trainer,3,"Demo catalog entry; price/stock are indicative, not live marketplace data."
SH0467,Shoes,Reebok,Floatride Energy 5,Standard,White,UK 8,8000,4.4,8592,In Stock,Running; daily training,Lightweight responsive trainer,3,"Demo catalog entry; price/stock are indicative, not live marketplace data."
SH0468,Shoes,Reebok,Floatride Energy 5,Standard,Grey,UK 9,8000,4.4,8729,Limited Stock,Running; daily training,Lightweight responsive trainer,3,"Demo catalog entry; price/stock are indicative, not live marketplace data."
SH0469,Shoes,Reebok,Floatride Energy 5,Wide,Black,UK 10,8200,4.4,8866,In Stock,Running; daily training,Lightweight responsive trainer,3,"Demo catalog entry; price/stock are indicative, not live marketplace data."
SH0470,Shoes,Reebok,Floatride Energy 5,Premium,White,UK 11,8400,4.4,9003,Demo SKU,Running; daily training,Lightweight responsive trainer,3,"Demo catalog entry; price/stock are indicative, not live marketplace data."
SH0471,Shoes,Reebok,Club C 85,Standard,Black,UK 7,7000,4.5,9140,In Stock,Lifestyle; casual wear,Classic tennis-inspired sneaker,3,"Demo catalog entry; price/stock are indicative, not live marketplace data."
SH0472,Shoes,Reebok,Club C 85,Standard,White,UK 8,7000,4.5,9277,In Stock,Lifestyle; casual wear,Classic tennis-inspired sneaker,3,"Demo catalog entry; price/stock are indicative, not live marketplace data."
SH0473,Shoes,Reebok,Club C 85,Standard,Grey,UK 9,7000,4.5,9414,Limited Stock,Lifestyle; casual wear,Classic tennis-inspired sneaker,3,"Demo catalog entry; price/stock are indicative, not live marketplace data."
SH0474,Shoes,Reebok,Club C 85,Wide,Black,UK 10,7200,4.5,9551,In Stock,Lifestyle; casual wear,Classic tennis-inspired sneaker,3,"Demo catalog entry; price/stock are indicative, not live marketplace data."
SH0475,Shoes,Reebok,Club C 85,Premium,White,UK 11,7300,4.5,9688,Demo SKU,Lifestyle; casual wear,Classic tennis-inspired sneaker,3,"Demo catalog entry; price/stock are indicative, not live marketplace data."
SH0476,Shoes,Skechers,Go Run Consistent 2.0,Standard,Black,UK 7,6000,4.4,9825,In Stock,Walking; running; gym,Lightweight trainer; cushioned midsole,3,"Demo catalog entry; price/stock are indicative, not live marketplace data."
SH0477,Shoes,Skechers,Go Run Consistent 2.0,Standard,White,UK 8,6000,4.4,9962,In Stock,Walking; running; gym,Lightweight trainer; cushioned midsole,3,"Demo catalog entry; price/stock are indicative, not live marketplace data."
SH0478,Shoes,Skechers,Go Run Consistent 2.0,Standard,Grey,UK 9,6000,4.4,10099,Limited Stock,Walking; running; gym,Lightweight trainer; cushioned midsole,3,"Demo catalog entry; price/stock are indicative, not live marketplace data."
SH0479,Shoes,Skechers,Go Run Consistent 2.0,Wide,Black,UK 10,6200,4.4,10236,In Stock,Walking; running; gym,Lightweight trainer; cushioned midsole,3,"Demo catalog entry; price/stock are indicative, not live marketplace data."
SH0480,Shoes,Skechers,Go Run Consistent 2.0,Premium,White,UK 11,6300,4.4,10373,Demo SKU,Walking; running; gym,Lightweight trainer; cushioned midsole,3,"Demo catalog entry; price/stock are indicative, not live marketplace data."
SH0481,Shoes,Skechers,Arch Fit 2.0,Standard,Black,UK 7,7500,4.4,10510,In Stock,Walking; daily comfort,Arch-support focused comfort shoe,3,"Demo catalog entry; price/stock are indicative, not live marketplace data."
SH0482,Shoes,Skechers,Arch Fit 2.0,Standard,White,UK 8,7500,4.4,10647,In Stock,Walking; daily comfort,Arch-support focused comfort shoe,3,"Demo catalog entry; price/stock are indicative, not live marketplace data."
SH0483,Shoes,Skechers,Arch Fit 2.0,Standard,Grey,UK 9,7500,4.4,10784,Limited Stock,Walking; daily comfort,Arch-support focused comfort shoe,3,"Demo catalog entry; price/stock are indicative, not live marketplace data."
SH0484,Shoes,Skechers,Arch Fit 2.0,Wide,Black,UK 10,7700,4.4,10921,In Stock,Walking; daily comfort,Arch-support focused comfort shoe,3,"Demo catalog entry; price/stock are indicative, not live marketplace data."
SH0485,Shoes,Skechers,Arch Fit 2.0,Premium,White,UK 11,7900,4.4,11058,Demo SKU,Walking; daily comfort,Arch-support focused comfort shoe,3,"Demo catalog entry; price/stock are indicative, not live marketplace data."
SH0486,Shoes,Skechers,Max Cushioning Elite,Standard,Black,UK 7,10000,4.5,11195,In Stock,Walking; comfort running,High-cushion comfort running shoe,3,"Demo catalog entry; price/stock are indicative, not live marketplace data."
SH0487,Shoes,Skechers,Max Cushioning Elite,Standard,White,UK 8,10000,4.5,11332,In Stock,Walking; comfort running,High-cushion comfort running shoe,3,"Demo catalog entry; price/stock are indicative, not live marketplace data."
SH0488,Shoes,Skechers,Max Cushioning Elite,Standard,Grey,UK 9,10000,4.5,11469,Limited Stock,Walking; comfort running,High-cushion comfort running shoe,3,"Demo catalog entry; price/stock are indicative, not live marketplace data."
SH0489,Shoes,Skechers,Max Cushioning Elite,Wide,Black,UK 10,10300,4.5,11606,In Stock,Walking; comfort running,High-cushion comfort running shoe,3,"Demo catalog entry; price/stock are indicative, not live marketplace data."
SH0490,Shoes,Skechers,Max Cushioning Elite,Premium,White,UK 11,10500,4.5,11743,Demo SKU,Walking; comfort running,High-cushion comfort running shoe,3,"Demo catalog entry; price/stock are indicative, not live marketplace data."
